Word,POS
일,NNG
왜,MAG
끝,NNG
화,NNG
그냥,MAG
나,NP
해결,NNG
남,NNG
부담,NNG
이번,NNG
달,NNG
또,MAG
급여,NNG
물가,NNG
월급,NNG
자꾸,MAG
너무,MAG
최대한,MAG
지출,NNG
억제,NNG
고정,NNG
회사,NNG
신입,NNG
말투,NNG
애,NNG
매일,MAG
생각,NNG
스트레스,NNG
잘,MAG
안,MAG
사람,NNG
억지로,MAG
조금,NNG
거리,NNG
예의,NNG
덜,MAG
직장,NNG
막내,NNG
이유,NNG
심부름,NNG
정말,MAG
이야기,NNG
방해,NNG
얼마,NNG
전,NNG
입사,NNG
사원,NNG
무시,NNG
상사,NNG
먼저,MAG
인사,NNG
시간,NNG
진로,NNG
고민,NNG
자주,MAG
지적,NNG
때,NNG
업무,NNG
성인,NNG
아직,MAG
못,MAG
부모,NNG
좀,MAG
더,MAG
테스트,NNG
퇴사,NNG
천천히,MAG
졸업반,NNG
취업,NNG
지금,MAG
걱정,NNG
많이,MAG
요즘,NNG
생활,NNG
우리,NP
복지,NNG
곧,MAG
출산,NNG
육아,NNG
휴직,NNG
기간,NNG
소정,NNG
지원금,NNG
제공,NNG
나이,NNG
마음,NNG
인생,NNG
꼭,MAG
빨리,MAG
면접,NNG
직업,NNG
질문,NNG
무척,MAG
당혹,NNG
영향,NNG
큰일,NNG
부장,NNG
결재,NNG
서류,NNG
뒤,NNG
제출,NNG
어디,NP
과장,NNG
아니,VCN
괜히,MAG
합격,NNG
연락,NNG
오늘,NNG
다시,MAG
취소,NNG
통보,NNG
코로나바이러스,NNP
아예,MAG
길,NNG
우연히,MAG
동네,NNG
아주머니,NNG
당황,NNG
평소,NNG
갑자기,MAG
취직,NNG
당당,MAG
말,NNG
곤란,NNG
어제,MAG
문자,NNG
잘못,MAG
발송,NNG
물론,MAG
사과,NNG
대,XPN
기업,NNG
실수,NNG
실망,NNG
출근,NNG
버스,NNG
카드,NNG
지갑,NNG
교통,NNG
이직,NNG
아주,MAG
이제,MAG
코로나,NNG
뭐,NP
준비,NNG
시험,NNG
줄줄이,MAG
마비,NNG
참,MAG
자격증,NNG
공부,NNG
계속,NNG
상황,NNG
일단,MAG
열심히,MAG
중요,NNG
발표,NNG
앞,NNG
몸,NNG
관련,NNG
온몸,NNG
현재,MAG
문,NNG
갈수록,MAG
비,NNG
점점,MAG
기분,NNG
야근,NNG
솔직히,MAG
굳이,MAG
사내,NNG
분위기,NNG
제안,NNG
프로젝트,NNG
항상,MAG
긍정,NNG
검토,NNG
의견,NNG
귀,NNG
서로,MAG
존중,NNG
소통,NNG
전공,NNG
결과,NNG
원,NNG
점수,NNG
면접관,NNG
완전히,MAG
연봉,NNG
실,NNG
수령액,NNG
꽤,MAG
차이,NNG
내규,NNG
체계,NNG
지인,NNG
사기,NNG
배신감,NNG
십만,NR
잠적,NNG
능력,NNG
진짜,MAG
중소기업,NNG
친구,NNG
같이,MAG
다행,NNG
오래,MAG
저번,NNG
주,NNG
창피,NNG
위,NNG
그것,NP
청년,NNG
실업,NNG
채용,NNG
경제,NNG
활성,NNG
기회,NNG
정책,NNG
부당,NNG
이미,MAG
주변,NNG
반응,NNG
다,MAG
공감,NNG
엄마,NNG
문제,NNG
미술,NNG
안정,NNG
공무원,NNG
자식,NNG
고생,NNG
한편,NNG
이해,NNG
낙하산,NNG
모두,MAG
잔소리,NNG
하나,NR
둘,NR
성공,NNG
불안,NNG
소식,NNG
휴대,NNG
전화,NNG
집중,NNG
노력,NNG
꿈,NNG
무엇,NP
컴퓨터,NNG
무어,NP
작업,NNG
가장,MAG
사장,NNG
재택근무,NNG
요청,NNG
내년,NNG
졸업,NNG
학점,NNG
그다지,MAG
워낙,MAG
어찌,MAG
육,NR
적응,NNG
사회생활,NNG
정시,NNG
퇴근,NNG
거의,MAG
수당,NNG
비통,NNG
혼,NNG
이렇게,MAG
처음,NNG
상처,NNG
새로,MAG
직원,NNG
처리,NNG
제대로,MAG
마무리,NNG
내일,NNG
함께,MAG
대화,NNG
사수,NNG
꾹,MAG
참고,NNG
한계,NNG
동료,NNG
동안,NNG
팀,NNG
배정,NNG
얘,NP
손,NNG
실습,NNG
담당,NNG
신경,NNG
아무래도,MAG
방법,NNG
설명,NNG
언제,NP
그만,MAG
가족,NNG
면목,NNG
구직,NNG
자리,NNG
시장,NNG
지원,NNG
곳,NNG
해고,NNG
혼자,MAG
디자인,NNG
과,NNG
전과,NNG
고객,NNG
폭언,NNG
자존감,NNG
감정,NNG
올해,NNG
진급,NNG
예정,NNG
기대,NNG
운동,NNG
신뢰,NNG
그거,NP
당연히,MAG
선배,NNG
비결,NNG
태도,NNG
일반,NNG
칭찬,NNG
신,NNG
깔끔,NNG
용돈,NNG
매우,MAG
이름,NNG
지난주,NNG
원서,NNG
접수,NNG
탈락,NNG
경험,NNG
도전,NNG
극복,NNG
실패,NNG
언제쯤,NNG
결혼,NNG
자신,NNG
별로,MAG
전체,NNG
날,NNG
물건,NNG
화가,NNG
인재,NNG
분명,MAG
여성,NNG
미혼,NNG
경우,NNG
기혼자,NNG
분야,NNG
설정,NNG
최근,NNG
부정,NNG
시작,NNG
따돌림,NNG
분담,NNG
악의,NNG
변호사,NNG
상담,NNG
돌파구,NNG
모집,NNG
공고,NNG
돈,NNG
자동차,NNG
사고,NNG
여행,NNG
저축,NNG
초조,NNG
드디어,MAG
한시름,NNG
인제,MAG
화병,NNG
학교,NNG
열등감,NNG
얼른,MAG
우울,NNG
진작,NNG
대학,NNG
후,NNG
오,NR
부족,NNG
이력서,NNG
운,NNG
복,NNG
집,NNG
눈치,NNG
요새,NNG
피곤,NNG
제품,NNG
출시,NNG
어쩐지,MAG
가뜩이나,MAG
어학,NNG
관리,NNG
사업,NNG
투자,NNG
파업,NNG
없이,MAG
우선,MAG
법률,NNG
자문,NNG
소송,NNG
결국,NNG
자기,NP
힘,NNG
하반기,NNG
기사,NNG
동기,NNG
이상,NNG
욕,NNG
사이,NNG
평생,NNG
연애,NNG
비용,NNG
천문학,NNG
전혀,MAG
그동안,NNG
캄캄,MAG
교수,NNG
보육,NNG
교사,NNG
보수,NNG
아이,NNG
삼,NR
아내,NNG
난리,NNG
마련,NNG
대출,NNG
절약,NNG
점,NNG
미래,NNG
행복,NNG
날짜,NNG
막,MAG
두려움,NNG
한,NNG
코앞,NNG
확신,NNG
여자친구,NNP
위안,NNG
아무것,NNG
비교,NNG
시기,NNG
과정,NNG
네이버,NNP
인턴,NNG
장점,NNG
어필,NNG
답변,NNG
만족,NNG
건강,NNG
신혼,NNG
배,NNG
한숨,NNG
푹푹,MAG
검진,NNG
복부비만,NNP
지방,NNG
살,NNG
예식장,NNG
호텔,NNG
고급,NNG
결혼식,NNG
여기,NP
하루하루,NNG
쳇바퀴,NNG
느낌,NNG
계약직,NNG
정규직,NNG
교회,NNG
절,NNG
자체,NNG
혼란,NNG
군대,NNG
복학,NNG
대학교,NNG
메신저,NNG
얘기,NNG
존재감,NNG
배신,NNG
그녀,NP
고백,NNG
식사,NNG
교류,NNG
열,NR
불,XPN
충격,NNG
왠지,MAG
철저히,MAG
부분,NNG
여자,NNG
최종,NNG
자신감,NNG
유튜브,NNP
십,NR
구독자,NNG
도달,NNG
벌써,MAG
고통,NNG
매사,NNG
정식,NNG
승진,NNG
포기,NNG
기타,NNG
전부,MAG
모임,NNG
소개팅,NNG
거절,NNG
언젠가,MAG
인연,NNG
영국,NNP
섬,NNG
바람,NNG
전형,NNG
전기자동차,NNP
좌절감,NNG
꼴,NNG
스킨십,NNG
술,NNG
거기,NP
현금,NNG
절교,NNG
말싸움,NNG
일정,NNG
조율,NNG
대답,NNG
후회돼,NNG
기술,NNG
긴장,NNG
연습,NNG
반복,NNG
아무리,MAG
수십,NR
대인,NNG
관계,NNG
편안,NNG
이성,NNG
과거,NNG
훨씬,MAG
방어,NNG
의문,NNG
미안,NNG
똑같이,MAG
매번,MAG
누구,NP
이십,NR
지기,NNG
질투,NNG
제,XPN
해코지,NNG
유부남,NNG
피부,NNG
총각,NNG
춤,NNG
선생,NNG
출발,NNG
학원,NNG
정,NNG
다행히,MAG
멀리,MAG
가끔,MAG
나중,NNG
취업난,NNG
끊임없이,MAG
필요,NNG
저녁,NNG
회의,NNG
아마,MAG
정신,NNG
의심,NNG
재차,MAG
확인,NNG
안도감,NNG
프러포즈,NNG
조심스레,MAG
착각,NNG
팀장,NNG
주위,NNG
도움,NNG
잔뜩,MAG
공짜,NNG
세태,NNG
회의감,NNG
장래,NNG
파혼,NNG
와이프,NNG
실전,NNG
조심,NNG
직무,NNG
이익,NNG
전공자,NNG
실력,NNG
제때,NNG
걔,NP
언제나,MAG
약속,NNG
시각,NNG
허락,NNG
마구,MAG
짜증,NNG
행동,NNG
얼마나,MAG
무례,NNG
가능,NNG
뒤숭숭,MAG
.의류,NNG
한문,NNG
교육,NNG
위로,NNG
오해,NNG
목표,NNG
부도,NNG
결정,NNG
취약,NNG
흔쾌히,MAG
선택,NNG
살짝,MAG
남자,NNG
크리스마스,NNG
주도,NNG
채택,NNG
팀원,NNG
낯,NNG
한잔,NNG
아쉬움,NNG
의미,NNG
부탁,NNG
안달,NNG
전화번호,NNG
교환,NNG
다음,NNG
밥,NNG
특정,NNG
지역,NNG
혐오,NNG
사이트,NNG
회원,NNG
여기저기,NNG
출신,NNG
소리,NNG
이거,NP
대놓고,MAG
애매,NNG
소셜,NNG
네트워크,NNG
서비스,NNG
계정,NNG
고향,NNG
소문,NNG
보고서,NNG
작성,NNG
억울,NNG
거래처,NNG
문서,NNG
조건,NNG
동명,NNP
이인,NNG
이후,NNG
대표,NNG
따로,MAG
대학원,NNG
단계,NNG
발전,NNG
전액,NNG
고,XPN
기본급,NNG
대우,NNG
뼈,NNG
역시,MAG
최고,NNG
수학,NNG
서울대,NNP
입학,NNG
예전,NNG
겁,NNG
후회,NNG
어쩌면,MAG
낭비,NNG
소중히,MAG
독립,NNG
늘,MAG
편,NNG
처가,NNG
확장,NNG
진작에,MAG
동생,NNG
비밀,NNG
형제,NNG
시시콜콜,MAG
간섭,NNG
심지어,MAG
격려,NNG
동성,NNG
동업,NNG
아빠,NNG
상상,NNG
마냥,MAG
도대체,MAG
쓸모,NNG
눈물,NNG
재촉,NNG
습관,NNG
흥청망청,MAG
부잣집,NNG
아들,NNG
저렇게,MAG
부하,NNG
대면,NNG
사회,NNG
만남,NNG
정치,NNG
환멸,NNG
똑바로,MAG
치부,NNG
딱,MAG
생일도,NNP
매력,NNG
그저,MAG
기계,NNG
잠시,MAG
화해,NNG
중재,NNG
오히려,MAG
중간,NNG
진심,NNG
기러기,NNG
한국,NNP
문구,NNG
새,NNG
발령,NNG
지사,NNG
또래,NNG
한참,NNG
어르신,NNG
감옥,NNG
할머니,NNG
밑,NNG
그분,NP
경직,NNG
조만간,MAG
형,NNG
양보,NNG
말씀,NNG
동등,NNG
요구,NNG
어젯밤,NNG
주말,NNG
본인,NNG
자연,NNG
순간,NNG
죄,NNG
승승장구,NNG
신경질,NNG
그,NP
절대,MAG
일자리,NNG
낙오자,NNG
패배자,NNG
번번이,MAG
낙오,NNG
아기,NNG
모습,NNG
회복,NNG
간호,NNG
임신,NNG
무사히,MAG
사랑,NNG
해외,NNG
일주일,NNG
산부인과,NNG
입원,NNG
옆,NNG
대체,MAG
선물,NNG
뱃속,NNG
가구,NNG
자금,NNG
충분히,MAG
희생,NNG
어떻게,MAG
개인,NNG
여가,NNG
부인,NNG
방귀,NNG
제법,MAG
삭제,NNG
프레젠테이션,NNP
자료,NNG
복구,NNG
겨우,MAG
맥주,NNG
잔,NNG
방심,NNG
저,NP
너무나,MAG
감사,NNG
꽃,NNG
단장,NNG
기억,NNG
주사,NNG
화장실,NNG
분노,NNG
집값,NNG
장인,NNG
장모,NNG
반대,NNG
가난,NNG
성격,NNG
이별,NNG
파악,NNG
대처,NNG
키스,NNG
장면,NNG
목격,NNG
얼굴,NNG
냉정,NNG
판단,NNG
말다툼,NNG
생일,NNG
생일날,NNG
금액,NNG
기혼녀,NNG
답장,NNG
핑계,NNG
메시지,NNG
답,NNG
초기,NNG
목소리,NNG
퇴짜,NNG
교외,NNG
자전거,NNG
타자,NNG
타박상,NNG
정도,NNG
백해무익,NNG
체력,NNG
소모,NNG
어차피,MAG
시대,NNG
고사하고,MAG
상대방,NNG
믿음,NNG
꽝,NNP
댄스,NNG
동호회,NNG
이참,NNG
가입,NNG
양립,NNG
감성,NNG
속마음,NNG
고립,NNG
마지막,NNG
마음껏,MAG
진땀,NNG
버벅,NNG
흥미,NNG
좌절,NNG
차,NNG
게다가,MAG
머리,NNG
정리,NNG
정기,NNG
출퇴근,NNG
거주지,NNG
한번,NNG
노조,NNG
개념,NNG
지각,NNG
퇴근길,NNG
선행,NNG
폐지,NNG
손수레,NNG
방향,NNG
숙제,NNG
시말서,NNG
어이,NNG
이것,NP
독서,NNG
과외,NNG
학생,NNG
성적,NNG
성과,NNG
의기소침,NNG
골인,NNG
만족감,NNG
사,NR
데이트,NNG
흥분,NNG
주체,NNG
영,NNG
아저씨,NNG
.트림,NNG
결혼기념일,NNG
소인배,NNG
공모전,NNG
당선,NNG
축하,NNG
의지,NNG
평온,NNG
여유,NNG
직렬,NNG
직,NNG
고용,NNG
세상,NNG
보탬,NNG
인력,NNG
이단,NNG
심정,NNG
생활비,NNG
가불,NNG
연극,NNG
감독,NNG
데뷔,NNG
출연,NNG
오디션,NNG
덕분,NNG
병가,NNG
증,NNG
병원,NNG
완화,NNG
처방,NNG
근무,NNG
피드백,NNG
실제로,MAG
조언,NNG
정보,NNG
유능,NNG
직장인,NNG
은퇴,NNG
취급,NNG
냉담,NNG
결심,NNG
프리랜서,NNG
탓,NNG
수입,NNG
발생,NNG
현실,NNG
표현,NNG
스스로,MAG
노후,NNG
감당,NNG
은행,NNG
계좌,NNG
담배,NNG
청춘,NNG
병,NNG
유난히,MAG
요양원,NNG
예산,NNG
자만,NNG
치료,NNG
계획,NNG
그때,NNG
최선,NNG
이제서야,MAG
이제야,MAG
병원비,NNG
취미,NNG
삶,NNG
꾸준히,MAG
검사,NNG
재테크,NNG
만성,NNG
질환,NNG
약값,NNG
약,NNG
오래오래,MAG
예약,NNG
내색,NNG
더욱,MAG
보험,NNG
질병,NNG
혜택,NNG
소개,NNG
영양제,NNG
세계,NNG
당장,NNG
스페인,NNP
제일,MAG
그래도,MAG
반찬,NNG
암,NNG
욕심,NNG
수술,NNG
도시,NNG
전원생활,NNG
휴식,NNG
조용히,MAG
거실,NNG
악화,NNG
동반자,NNG
마을,NNG
아마도,MAG
아무,NP
시절,NNG
건강히,MAG
텃세,NNG
이주민,NNG
이,NP
노인정,NNG
스타,NNG
유머,NNG
감각,NNG
행사,NNG
옛날,NNG
우정,NNG
순수,NNG
화목,NNG
노인,NNG
봉사,NNG
건물,NNG
도로,NNG
옆집,NNG
삼십,NR
우울증,NNG
옷,NNG
관심,NNG
시내,NNG
코디,NNG
색감,NNG
노래,NNG
자랑,NNG
입상,NNG
원래,MAG
토박이,NNG
역사,NNG
음악,NNG
실기,NNG
완전,MAG
보통,MAG
축제,NNG
전시,NNG
그림,NNG
내내,MAG
이틀,NNG
꼼꼼,MAG
종일,NNG
피아노,NNG
재능,NNG
청,NNG
반,NNG
직접,MAG
바보,NNG
경찰,NNG
신고,NNG
상담자,NNG
단톡방,NNG
초대,NNG
놀림,NNG
괴롭힘,NNG
괴로움,NNG
게임,NNG
특히,MAG
한때,MAG
식당,NNG
외국인,NNG
차별,NNG
나라,NNG
모유,NNG
수유,NNG
마사지,NNG
형편,NNG
지하,NNG
원룸,NNG
구질구질,MAG
기력,NNG
별,NNG
대리,NNG
커피,NNG
점심시간,NNG
사무실,NNG
도시락,NNG
불편,NNG
사십,NR
아이디어,NNG
동의,NNG
독특,NNG
잠깐,MAG
이사,NNG
집들이,NNG
팁,NNG
출장,NNG
방,NNG
통화,NNG
인원,NNG
충원,NNG
인사부,NNG
설득,NNG
부서,NNG
진정,NNG
신청,NNG
금리,NNG
이자,NNG
주가,NNG
납득,NNG
재정,NNG
고작,MAG
연금,NNG
지지리,MAG
궁상,NNG
하나같이,MAG
석사,NNG
학위,NNG
돈거래,NNG
속,NNG
기,NNG
기관,NNG
사업체,NNG
층,NNG
주로,MAG
남편,NNG
수령,NNG
퇴직금,NNG
예상,NNG
십오,NR
계산,NNG
주민,NNG
센터,NNG
프로그램,NNG
참여,NNG
등산,NNG
대비,NNG
자식들,NNP
뻔히,MAG
짐,NNG
공공,NNG
손주,NNG
문의,NNG
뉴스,NNG
독거노인,NNG
발견,NNG
확답,NNG
이혼,NNG
입장,NNG
치매,NNG
건망증,NNG
증상,NNG
손가락,NNG
예방,NNG
악기,NNG
소외,NNG
신세,NNG
바깥,NNG
공기,NNG
복지관,NNG
근처,NNG
고령,NNG
권고,NNG
사직,NNG
정부,NNG
창업,NNG
비웃음,NNG
보완,NNG
장기,NNG
휴가,NNG
구조,NNG
가치,NNG
버릇,NNG
사치,NNG
사돈댁,NNG
단도직입,NNG
거지,NNG
모양,NNG
딸,NNG
브랜드,NNG
신발,NNG
안심,NNG
각별,NNG
고마움,NNG
표시,NNG
유행,NNG
매출,NNG
금방,MAG
요식업,NNG
체인점,NNG
배달,NNG
어플리케이션,NNG
등록,NNG
리뷰,NNG
시,NNG
아낌없이,MAG
부동산,NNG
주식,NNG
수완,NNG
거래,NNG
발,NNG
집안일,NNG
가정,NNG
안마,NNG
의자,NNG
광고,NNG
유지,NNG
기브,NNG
앤,NNG
테이크,NNG
인센티브,NNG
지급,NNG
납기,NNG
입금,NNG
신용,NNG
도,NNG
기본,NNG
아까,MAG
평안,NNG
금전,NNG
편지,NNG
성실,NNG
실천,NNG
걷기,NNG
멀쩡히,MAG
허리,NNG
걸음,NNG
시선,NNG
의식,NNG
위축,NNG
그대로,NNG
신호등,NNG
부축,NNG
측은,NNG
사실,MAG
상관없이,MAG
노년,NNG
죽음,NNG
밖,NNG
어느새,MAG
숨,NNG
회포,NNG
얌전히,MAG
뒷방,NNG
늙은이,NNG
마라톤,NNG
대회,NNG
완주,NNG
손녀,NNG
유치원,NNG
재롱,NNG
잔치,NNG
철,NNG
집안,NNG
이대로,MAG
부끄러움,NNG
아흔,NR
불만,NNG
희망,NNG
도리,NNG
서울,NNP
음식,NNG
뒷전,NNG
오롯이,MAG
책임,NNG
일과,NNG
방안,NNG
애정,NNG
다소,MAG
응원,NNG
부부,NNG
동반,NNG
이루,MAG
때로,MAG
마음속,NNG
변화,NNG
수면,NNG
내시경,NNG
안부,NNG
전환,NNG
세월,NNG
야속,NNG
더욱더,MAG
나이대,NNG
가슴,NNG
애도,NNG
표,NNG
몸살,NNG
더군다나,MAG
기운,NNG
순위,NNG
상태,NNG
손자,NNG
피해,NNG
가게,NNG
항암,NNG
차도,NNG
자궁경부암,NNP
무심,NNG
조기,NNG
꼼꼼히,MAG
체크,NNG
혈압,NNG
기미,NNG
절망,NNG
저염식,NNP
추구,NNG
섭취,NNG
중단,NNG
녹내장,NNG
시력,NNG
손상,NNG
의사,NNG
운명,NNG
간암,NNG
간,NNG
이식,NNG
기자,NNG
가망,NNG
장례,NNG
문병,NNG
당뇨,NNG
진행,NNG
식단,NNG
조절,NNG
소용,NNG
산책,NNG
대책,NNG
신약,NNG
노인회,NNG
실업자,NNG
수소문,NNG
동창,NNG
오랜만,NNG
윗집,NNG
김장,NNG
김,NNP
장,NNG
위층,NNG
층간소음,NNP
소음,NNG
경로당,NNG
청소,NNG
소수,NNG
공평,NNG
후원,NNG
홍수,NNG
댐,NNG
건설,NNG
.노,NNG
생계유지,NNG
이전,NNG
투명,NNG
인간,NNG
죄책감,NNG
생계,NNG
슈퍼마켓,NNG
백,NR
만,NR
백만,NR
시일,NNG
차용,NNG
맨날,MAG
무지,NNG
자책,NNG
사비,NNP
유념,NNG
단칸방,NNG
모조리,MAG
빈털터리,NNG
.버,NNG
족족,MAG
사채업자,NNG
독촉,NNG
구역질,NNG
거짓말,NNG
틀,NNG
게이머,NNG
유망,NNG
직종,NNG
눈,NNG
알파벳,NNG
영어,NNP
똥,NNG
개,NNG
자율,NNG
학습,NNG
휴대폰,NNG
반장,NNG
긴급,NNG
핸드폰,NNG
건의,NNG
경찰관,NNG
밤,NNG
수학여행,NNG
멀미,NNG
휴게소,NNG
핑곗,NNP
학업,NNG
꼴찌,NNG
성,NNG
스터디,NNG
그룹,NNG
연기,NNG
주연,NNG
천불,NNG
꼬박,MAG
조,NNG
과제,NNG
유세,NNG
구역,NNG
번드르르,MAG
파트,NNG
각자,MAG
학급,NNG
폭력,NNG
논의,NNG
위선,NNG
차라리,MAG
투정,NNG
운동장,NNG
가만히,MAG
담임,NNG
교육청,NNG
홈페이지,NNG
마니또,NNG
개입,NNG
그렇게,MAG
버럭버럭,MAG
입,NNG
뒷말,NNG
서슴없이,MAG
충고,NNG
수행평가,NNG
모양새,NNG
마당,NNG
농구,NNG
생리,NNG
조심조심,MAG
엄청,MAG
아이스크림,NNG
초콜릿,NNG
침대,NNG
민감,NNG
벨소리,NNG
무조건,MAG
무음,NNP
낮,NNG
조마조마,MAG
외출,NNG
슬그머니,MAG
번호,NNG
며칠,NNG
슬쩍,MAG
팔,NNG
베개,NNG
목,NNG
회식,NNG
새벽,NNG
잠,NNG
까치발,NNG
아침,NNG
어쨌든,MAG
애교,NNG
아버님,NNG
승낙,NNG
도둑,NNG
사죄,NNG
무릎,NNG
라면,NNG
주방,NNG
후각,NNG
냄새,NNG
미리,MAG
앞날,NNG
소주,NNG
양말,NNG
보물찾기,NNG
빨래,NNG
시골,NNG
농사,NNG
절차,NNG
귀농,NNG
카페,NNG
미납,NNG
대출금,NNG
하루,NNG
이것저것,NNG
감,NNG
인계,NNG
복권,NNG
당첨,NNG
친척,NNG
후임자,NNG
후임,NNG
펀드,NNG
판매,NNG
실적,NNG
권유,NNG
폐업,NNG
낙심,NNG
세무서,NNG
퇴직,NNG
틈,NNG
성화,NNG
닦달,NNG
공동,NNG
명의,NNG
재산,NNG
땅,NNG
분할,NNG
청구,NNG
유리,NNG
내외,NNG
친절,NNG
손녀딸,NNG
최적,NNG
장소,NNG
벽,NNG
금,NNG
집주인,NNG
수리공,NNG
오십,NR
대소사,NNG
오랫동안,MAG
골목,NNG
지난번,NNG
공사,NNG
편안히,MAG
색시,NNG
며느리,NNG
인복,NNG
한결,MAG
친,XPN
여태,MAG
펑펑,MAG
인정,NNG
평상시,NNG
대신,NNG
교통사고,NNG
분,NNG
단체,NNG
청소기,NNG
집중력,NNG
방식,NNG
자습,NNG
부스럭,MAG
매너,NNG
수업,NNG
배려,NNG
차분히,MAG
외모,NNG
험담,NNG
농담,NNG
장문,NNG
환자,NNG
흉터,NNG
모자,NNG
드라마,NNP
갱년기,NNG
성희롱,NNG
발언,NNG
선,NNG
꼴불견,NNG
주제,NNG
호응,NNG
남녀,NNG
후배,NNG
강요,NNG
지시,NNG
조목조목,MAG
바닥,NNG
아부,NNG
모욕,NNG
학력,NNG
드라이브,NNG
병간호,NNG
무리,NNG
병행,NNG
차마,MAG
침착,NNG
왕따,NNG
만행,NNG
퇴학,NNG
등교,NNG
아버지,NNG
종,NNG
기도,NNG
짓,NNG
전학,NNG
벌,NNG
대상,NNG
위원회,NNG
처분,NNG
피해자,NNG
사례,NNG
방학,NNG
적어도,MAG
연락처,NNG
예정일,NNG
진통,NNG
택시,NNG
재수,NNG
외박,NNG
헛,XPN
웃음,NNG
장애,NNG
단지,MAG
참석,NNG
기일,NNG
시련,NNG
집착,NNG
텅,MAG
결혼식장,NNG
하객,NNG
아르바이트,NNG
지우,NNP
살인자,NNG
당사자,NNG
허약,NNG
조깅,NNG
틈틈이,MAG
스트레칭,NNG
평지,NNG
공원,NNG
인터넷,NNG
주문,NNG
재작년,NNG
알코올,NNG
중독,NNG
완벽,NNG
서서히,MAG
보험사,NNG
종류,NNG
자세히,MAG
영양,NNG
하나하나,MAG
깜깜,MAG
깜짝,MAG
실감,NNG
알츠하이머,NNG
전문,NNG
가족력,NNG
할아버지,NNG
유전,NNG
뇌,NNG
물,NNG
혹,NNG
악성,NNG
종양,NNG
구체,NNG
진찰,NNG
검색,NNG
골프,NNG
팔목,NNG
추천,NNG
채식주의,NNG
고수,NNG
악,NNG
빈혈,NNG
골고루,MAG
발목,NNG
염좌,NNP
당분간,MAG
단순,NNG
감기,NNG
결핵,NNG
기적,NNG
설사,NNG
부작용,NNG
어서,MAG
손바닥,NNG
생기,NNG
경화,NNG
완쾌,NNG
분명히,MAG
병문안,NNG
새해,NNG
연배,NNG
호전,NNG
기약,NNG
한쪽,NNG
처지,NNG
백내장,NNG
힐끔힐끔,MAG
주눅,NNG
옆자리,NNG
남직원,NNG
워크숍,NNG
매진,NNG
외제,NNG
자존심,NNG
티,NNG
적극,NNG
반영,NNG
갈등,NNG
중립,NNG
영업,NNG
직급,NNG
한마디,NNG
동결,NNG
맛,NNG
보상,NNG
일방,NNG
항의,NNG
인상,NNG
이웃,NNG
품,NNG
우승,NNG
어려움,NNG
곁,NNG
친목,NNG
활동,NNG
어버이날,NNG
구속,NNG
맘,NNG
다리,NNG
쭉,MAG
임플란트,NNG
시술,NNG
무료,NNG
작년,NNG
매입,NNG
가격,NNG
부자,NNG
적립,NNG
수익,NNG
수익률,NNP
노래자랑,NNG
수상,NNG
상금,NNG
가담,NNG
주동자,NNG
지목,NNG
정확히,MAG
용서,NNG
합의,NNG
뺨,NNG
유일,NNG
표정,NNG
모함,NNG
용기,NNG
기록,NNG
대부분,MAG
퇴원,NNG
전염,NNG
보험료,NNG
기침,NNG
독감,NNG
실은,MAG
마스크,NNG
안과,NNG
원인,NNG
알레르기,NNG
비염,NNG
코,NNG
바로,MAG
심부전증,NNG
턱걸이,NNG
혈당,NNG
보람,NNG
영감,NNG
문안,NNG
거동,NNG
간병인,NNG
형수,NNG
사정,NNG
첫째,NR
외국,NNG
이기,NNG
자취,NNG
타박,NNG
수술비,NNG
일리,NNG
응급,NNG
코골이,NNG
전염병,NNG
어처구니,NNG
몰상식,NNG
어머니,NNG
원망,NNG
머리카락,NNG
노,NNG
현상,NNG
탈모,NNG
의존,NNG
비참,NNG
강아지,NNG
쩝쩝,MAG
간호사,NNG
확,MAG
등록금,NNG
적금,NNG
유방암,NNG
진단,NNG
완치,NNG
기관지염,NNG
금연,NNG
자원봉사,NNG
간병,NNG
함부로,MAG
빵집,NNG
활력,NNG
기념,NNG
한턱,NNG
소일거리,NNG
사례금,NNG
대가,NNG
노트북,NNG
게임기,NNG
굴뚝,NNG
마늘,NNG
흑자,NNG
정직,NNG
나머지,NNG
경운기,NNG
채널,NNG
영심,NNP
미용실,NNG
홍보,NNG
효과,NNG
방앗간,NNG
장사,NNG
장마,NNG
국가,NNG
군,NNG
집수리,NNG
동,NNP
뜨개질,NNG
억,NR
감개무량,NNG
시설,NNG
경로,NNG
우대,NNG
행운,NNG
근육,NNG
피로,NNG
전세,NNG
만기,NNG
목돈,NNG
외식,NNG
유산,NNG
심신,NNG
입덧,NNG
영구,NNG
불가,NNG
선후배,NNG
창피해,NNP
법,NNG
머리끝,NNG
산후조리,NNG
참담,NNG
학부모,NNG
면담,NNG
언쟁,NNG
이따금,MAG
다정,NNG
고등,NNG
흡연,NNG
표출,NNG
면허,NNG
운전,NNG
사진,NNG
적당히,MAG
사춘기,NNG
.조카,NNG
누나,NNG
정학,NNG
청소년,NNG
싸움,NNG
자제,NNG
몰래,MAG
대접,NNG
의무감,NNG
중학교,NNG
셔틀버스,NNG
운영,NNG
적,NNG
살림,NNG
진학,NNG
간만에,MAG
결코,MAG
고등학생,NNG
창,NNG
일찍이,MAG
재기,NNG
전념,NNG
미대,NNG
입시,NNG
즐거움,NNG
전문가,NNG
통장,NNG
잔고,NNG
빚,NNG
부유,NNG
정반대,NNG
턱없이,MAG
지원군,NNG
자산,NNG
은근히,MAG
압박,NNG
전전긍긍,NNG
이래저래,MAG
재,XPN
컨설턴트,NNG
총자산,NNG
이제껏,MAG
약간,NNG
환경,NNG
딱히,MAG
허무,NNG
하소연,NNG
부양,NNG
복숭아,NNG
주머니,NNG
무전취,NNG
값,NNG
일용직,NNP
중도,NNG
달리,MAG
지,NNG
손해,NNG
홧김,NNG
너,NP
지지,NNG
자극,NNG
방문,NNG
제발,MAG
호기심,NNG
반항심,NNG
쾅,MAG
연,NNG
어른,NNG
냉장고,NNG
추태,NNG
어깨동무,NNG
소름,NNG
자취방,NNG
들락날락,MAG
불쾌,NNG
편력,NNG
내용,NNG
갑,NNG
월차,NNG
선임,NNG
직시,NNG
짝사랑,NNG
시도,NNG
공,NNG
구별,NNG
어물쩍,MAG
팔짱,NNG
술자리,NNG
역정,NNG
길거리,NNG
언성,NNG
호감,NNG
외면,NNG
협업,NNG
결과물,NNG
계약,NNG
성사,NNG
특별히,MAG
클라이언트,NNG
그라운드,NNG
접근,NNG
차원,NNG
정확,NNG
평가,NNG
목전,NNG
성장,NNG
체감,NNG
울컥,MAG
과소평가,NNG
부여,NNG
프랜차이즈,NNG
밤낮,NNG
평판,NNG
만족도,NNG
개선,NNG
수평,NNG
매년,MAG
커뮤니케이션,NNG
감염,NNG
우려,NNG
일절,MAG
금지,NNG
보호,NNG
영상,NNG
당구,NNG
오락,NNG
손목,NNG
당구장,NNG
어쩌다,MAG
상담원,NNG
요양,NNG
상대,NNG
이장,NNG
횟수,NNG
도망,NNG
치,NNG
사별,NNG
제도,NNG
체중,NNG
감량,NNG
시한부,NNG
판정,NNG
폐암,NNG
재발,NNG
뇌출혈,NNG
이만저만,NNG
무,XPN
자비,NNG
성적표,NNG
툭하면,MAG
모범,NNG
장난,NNG
화분,NNG
가방,NNG
노트,NNG
한동안,NNG
가출,NNG
현관,NNG
덩치,NNG
선명,NNG
상의,NNG
소집,NNG
조치,NNG
가해자,NNG
방관자,NNG
징계,NNG
손수건,NNG
감동,NNG
성실히,MAG
보건,NNG
양호실,NNG
굴레,NNG
쿠키,NNG
간단히,MAG
교무실,NNG
책상,NNG
순발력,NNG
치킨,NNG
실태,NNG
조사,NNG
응답,NNG
속내,NNG
약점,NNG
이용,NNG
실컷,MAG
환멸감,NNG
반려자,NNG
비즈니스,NNG
책,NNG
부류,NNG
심리,NNG
도통,MAG
겉,NNG
뒤통수,NNG
조별,NNG
참여도,NNG
정작,MAG
철면피,NNG
죗,NNG
활기,NNG
유쾌,NNG
체조,NNG
화투,NNG
장려상,NNG
참가,NNG
상,NNG
쑥떡,NNG
발휘,NNG
흥,NNG
박수,NNG
으쓱,MAG
서양화,NNG
평,NNG
조금씩,MAG
여고,NNG
호호,MAG
초등,NNG
등하교,NNG
도우미,NNG
일종,NNG
초등학생,NNG
게이트볼,NNP
관절,NNG
로맨스,NNG
구박,NNG
주장,NNG
일상,NNG
삼촌,NNG
돌변,NNG
군림,NNG
권위,NNG
시집살이,NNG
고모,NNG
시종,MAG
이중,NNG
고충,NNG
식구,NNG
지옥,NNG
제멋대로,MAG
천사,NNG
실제,NNG
학대,NNG
분만,NNG
유대감,NNG
동아리,NNG
뽀뽀,NNG
프로포즈,NNG
복판,NNG
어안,NNG
첫날밤,NNG
낭만,NNG
잊지 못할 추억,NNP
공공장소,NNG
글,NNG
재주,NNG
빤히,MAG
술김,NNG
세제,NNG
유럽,NNP
유명한,NNP
레스토랑,NNG
미식,NNG
수년,NNG
노름빚,NNG
아파트,NNG
차질,NNG
저기,NP
.재무,NNG
조회,NNG
재무,NNG
숫자,NNG
슬럼프,NNG
명예,NNG
표창장,NNG
금일봉,NNG
은퇴식,NNG
파티,NNG
보답,NNG
산,NNG
로또,NNG
태교,NNG
화장품,NNG
뒷바라지,NNG
유치장,NNG
중년,NNG
자락,NNG
축,NNG
소비,NNG
무능,NNG
시어머니,NNG
시댁,NNG
당시,NNG
세대,NNG
시누이,NNG
호강,NNG
상해,NNP
날씨,NNG
고졸,NNG
고등학교,NNG
잇몸,NNG
치과,NNG
치아,NNG
식습관,NNG
고기,NNG
야채,NNG
나물,NNG
심장,NNG
징후,NNG
티브이,NNG
이비인후과,NNG
치료법,NNG
주의,NNG
불면증,NNG
반신,NNG
장담,NNG
면역력,NNG
채식,NNG
위주,NNG
요리,NNG
종합,NNG
.때,NNG
규칙,NNG
금주,NNG
일기,NNG
저항,NNG
폭행,NNG
급식,NNG
가수,NNG
일찍,MAG
혹시,MAG
확률,NNG
핀잔,NNG
불안감,NNG
희망퇴직,NNG
민폐,NNG
정년퇴직,NNG
몇,NR
조정,NNG
주인공,NNG
점검,NNG
의논,NNG
통풍,NNG
철저,NNG
소원,NNG
헬스장,NNG
투병,NNG
수없이,MAG
여생,NNG
자유,NNG
컵,NNG
틀니,NNG
진료,NNG
협착,NNG
대소변,NNG
폐렴,NNG
낙,NNG
기쁨,NNG
청각,NNG
고지혈증,NNG
버섯,NNG
향,NNG
병실,NNG
편의점,NNG
현미밥,NNG
전립선,NNG
비대증,NNG
신장,NNG
투석,NNG
인슐린,NNG
아픔,NNG
관절염,NNG
파스,NNG
다음날,NNG
묶음,NNG
할인,NNG
맘대로,MAG
회식비,NNG
다음번,NNG
요통,NNG
등산화,NNG
왕,NNG
보험금,NNG
위임장,NNG
존재,NNG
복지사,NNG
방도,NNG
최저,NNG
결제,NNG
요금,NNG
난청,NNG
보증,NNG
과잉,NNG
지불,NNG
회삿돈,NNG
고소,NNG
부득이,MAG
백수,NNG
노동청,NNG
소개서,NNG
통합,NNG
통폐합,NNG
기획,NNG
심사,NNG
유력,NNG
극단,NNG
혹평,NNG
영화,NNG
합병,NNG
일부,NNG
실직자,NNG
쓰레기,NNG
성차별,NNG
인신공격,NNG
뒷담화,NNG
거리감,NNG
미움,NNG
스펙,NNG
명문대,NNG
유학파,NNG
지원자,NNG
과연,MAG
부진,NNG
빈약,NNG
성향,NNG
배타,NNG
최소한,NNG
무산,NNG
시즌,NNG
대대적,NNG
인사이동,NNG
변동,NNG
협상,NNG
의욕,NNG
경력,NNG
축구,NNG
경기,NNG
골,NNG
주전,NNG
활약,NNG
라이딩,NNG
집사람,NNG
옷차림,NNG
새삼,MAG
마누라,NNG
덕,NNG
부자간,NNG
부녀,NNG
지간,NNG
사윗감,NNG
욕설,NNG
다툼,NNG
교대,NNG
노안,NNG
교정,NNG
괜스레,MAG
폐,NNG
피,NNG
인지,NNG
당신,NP
보건소,NNG
당,NNG
수치,NNG
간식,NNG
제자리,NNG
메모,NNG
땀,NNG
흠뻑,MAG
야외,NNG
거울,NNG
피부과,NNG
의학,NNG
해당,NNG
두통,NNG
경찰서,NNG
톡톡히,MAG
확실히,MAG
해외여행,NNG
합창단,NNG
신체,NNG
측정,NNG
체육,NNG
달리기,NNG
어깨,NNG
소풍,NNG
칠십,NR
주름,NNG
소홀,NNG
난폭,NNG
수능,NNG
중간고사,NNG
커닝,NNG
설교,NNG
파일,NNG
양,NNG
머릿속,NNG
월급날,NNG
자금난,NNG
세금,NNG
전면,NNG
수정,NNG
전달,NNG
.야근,NNG
넉넉히,MAG
다섯,NR
대안,NNG
분석,NNG
운동부,NNG
불리,NNG
사흘,NNG
연속,NNG
수다,NNG
글쎄,MAG
서점,NNG
노하우,NNG
명단,NNG
허탈,NNG
차례,NNG
넋두리,NNG
상실감,NNG
끝내,MAG
영원히,MAG
빈말,NNG
불륜,NNG
한바탕,MAG
각방,NNG
소외감,NNG
단절,NNG
휴일,NNG
넌지시,MAG
유도,NNG
재혼,NNG
효도,NNG
딸아이,NNG
소고기,NNG
단골,NNG
마음가짐,NNG
재미,NNG
문화,NNG
속옷,NNG
게이트,NNG
볼,NNG
내기,NNG
압도,NNG
역전,NNG
쏙,MAG
이어폰,NNG
개수,NNG
댁,NNG
대꾸,NNG
울음,NNG
멍,NNG
자유분방,NNG
첫날,NNG
긴장감,NNG
할당,NNG
마치,MAG
방금,MAG
마감,NNG
손발,NNG
협조,NNG
연차,NNG
탕비실,NNG
성과급,NNG
지향,NNG
효율,NNG
개진,NNG
요령,NNG
터득,NNG
애인,NNG
기념일,NNG
힌트,NNG
화도,NNG
말없이,MAG
케이크,NNG
일부러,MAG
초년,NNG
만끽,NNG
뒷담,NNG
질책,NNG
여윳돈,NNG
설계,NNG
자녀,NNG
피로도,NNG
여름,NNG
업무량,NNG
양쪽,NNG
사생활,NNG
익명,NNG
제보,NNG
쉬엄쉬엄,MAG
량,NNG
한창,MAG
과로,NNG
고사,NNG
정답,NNG
과목,NNG
웃음거리,NNG
연구원,NNG
조원,NNG
회화,NNG
태블릿,NNG
피시,NNG
피씨,NNG
말하기,NNG
합리,NNG
유명,NNG
운동화,NNG
국어,NNG
연예인,NNG
부정행위,NNG
방과,NNG
탈퇴,NNG
모의고사,NNG
짝,NNG
현장,NNG
늦잠,NNG
놀이,NNG
놀이기구,NNP
기구,NNG
결석,NNG
점심,NNG
조퇴,NNG
교복,NNG
독서실,NNG
노출,NNG
만회,NNG
범인,NNG
유,NNP
일지,NNG
위조,NNG
양심,NNG
가책,NNG
하루아침,NNG
도박,NNG
해결책,NNG
교육비,NNG
보장,NNG
막상,MAG
분해,NNG
미화,NNG
제외,NNG
미,NNG
학년,NNG
상습,NNG
교과서,NNG
입술,NNG
학기,NNG
증명,NNG
주스,NNG
다짜고짜,MAG
취향,NNG
엄격,NNG
사용,NNG
언니,NNG
휴게실,NNG
급,NNG
구타,NNG
감점,NNG
세탁,NNG
통금,NNG
유에스비,NNG
담요,NNG
얼룩,NNG
세탁소,NNG
시계,NNG
죄다,MAG
구식,NNG
역할,NNG
기한,NNG
기획서,NNG
기존,NNG
면,NNG
속도,NNG
부서원,NNG
기억력,NNG
사항,NNG
이동,NNG
잉여,NNG
자원,NNG
분기,NNG
저조,NNG
문책,NNG
내후년,NNG
정년,NNG
임금피크제,NNP
추후,NNG
동년배,NNG
국민연금,NNG
운용,NNG
본사,NNG
전주,NNP
용역,NNG
활용,NNG
미지수,NNG
소득,NNG
칸,NNG
액수,NNG
흐름,NNG
원금,NNG
상담사,NNG
옥,NNG
내심,NNG
자립심,NNG
기강,NNG
관념,NNG
인맥,NNG
무용지물,NNG
조바심,NNG
상품,NNG
헌신,NNG
보조,NNG
식품,NNG
성의,NNG
빙판,NNG
피상,NNG
청력,NNG
보청기,NNG
클리닉,NNG
에베레스트,NNP
등반,NNG
테니스,NNG
주치의,NNG
홍삼,NNG
남동생,NNG
팩,NNG
절반,NNG
교우,NNG
지장,NNG
한약,NNG
되레,MAG
큰딸,NNG
따끔,MAG
맹신,NNG
잇속,NNG
소화,NNG
미신,NNG
부적,NNG
패스트푸드,NNG
관리사,NNG
팔십,NR
사태,NNG
직전,NNG
명절,NNG
다달이,MAG
중국,NNP
납품,NNG
탐방,NNG
공인중개사,NNP
토지,NNG
중개,NNG
법정,NNG
지상권,NNP
경매,NNG
부지,NNG
개발,NNG
중개사,NNG
예금,NNG
평균,NNG
새마을금고,NNP
시중,NNG
약정,NNG
반드시,MAG
작심삼일,NNG
플랜,NNG
소질,NNG
수행,NNG
복습,NNG
현명,NNG
언급,NNG
디스크,NNG
통증,NNG
지속,NNG
건강식품,NNG
강변,NNG
온종일,NNG
지리산,NNP
응낙,NNG
치근덕,NNG
질투심,NNG
의처증,NNG
엊그제,NNG
자칫,MAG
친밀,NNG
외로움,NNG
매주,MAG
담임선생,NNG
마중,NNG
친정집,NNG
흠집,NNG
작은아들,NNG
반항,NNG
양육,NNG
예기,NNG
직면,NNG
상심,NNG
회,NNG
횟감,NNG
외관,NNG
회계사,NNG
.처가,NNG
사위,NNG
노릇,NNG
원형,NNG
보양,NNG
솜씨,NNG
수험,NNG
모의,NNG
부쩍,MAG
지병,NNG
탈,NNG
가치관,NNG
존경,NNG
주부,NNG
손색,NNG
완벽히,MAG
텔레비전,NNG
식후,NNG
충실,NNG
복수,NNG
예비,NNG
신부,NNG
고심,NNG
상생,NNG
연구,NNG
인건비,NNG
감수,NNG
사사건건,MAG
트집,NNG
털,NNG
건물주,NNG
세,NNG
터무니없이,MAG
월세,NNG
노무사,NNG
거부,NNG
큰아들,NNG
팬데믹,NNP
비난,NNG
마트,NNG
고개,NNG
와중,NNG
번복,NNG
점원,NNG
점원들,NNP
다이어트,NNG
뚱뚱,MAG
대다수,NNG
그리,MAG
올,NNG
정말로,MAG
슬픔,NNG
뒷산,NNG
도피,NNG
이빨,NNG
일진,NNG
하굣,NNG
단짝,NNG
조폭,NNG
단원,NNG
교실,NNG
장난감,NNG
몹시,MAG
키,NNG
맏이,NNG
학자금,NNG
목청껏,MAG
전선,NNG
뒷모습,NNG
공장,NNG
부업,NNG
유학,NNG
무서움,NNG
스타일,NNG
룸메이트,NNG
새엄마,NNG
지금 이대로가 좋아,NNP
위암,NNG
보다,MAG
산소,NNG
윗분,NNG
상장,NNG
스톡,NNG
옵션,NNG
박,NNG
전락,NNG
갑작,MAG
특근,NNG
강행,NNG
일손,NNG
토,NNG
오빠,NNG
천만다행,NNG
무사,NNG
기쁘지,NNG
홈,NNG
쇼핑,NNG
크림,NNG
심성,NNG
고깃집,NNG
필름,NNG
선입견,NNG
외견,NNG
온통,MAG
난장판,NNG
이민,NNG
슬슬,MAG
친지,NNG
견적,NNG
대장암,NNG
너희,NP
구토,NNG
뒤처리,NNG
곤욕,NNG
독단,NNG
피력,NNG
최신,NNG
동향,NNG
지표,NNG
신입사원,NNP
학벌,NNG
되도록,MAG
명품,NNG
속물,NNG
구매,NNG
비하,NNG
다양,NNG
우리나라,NNG
체질,NNG
규율,NNG
등급,NNG
위험,NNG
저주,NNG
모,NNG
간질,NNG
이간,NNG
외톨이,NNG
한없이,MAG
데면데면,MAG
장례식장,NNG
자부,NNG
아줌마,NNG
자격지심,NNG
죽,NNG
은근,NNG
건,NNG
빛,NNG
위치,NNG
업그레이드,NNG
신중히,MAG
그곳,NP
이관,NNG
응대,NNG
자동화,NNP
자동,NNG
시원,NNG
수시로,MAG
경쟁,NNG
달력,NNG
공항,NNG
꼬락서니,NNG
단점,NNG
주관,NNG
융통,NNG
이과,NNG
계열,NNG
전문직,NNG
자격,NNG
미달,NNG
보충,NNG
문과,NNG
작용,NNG
사이버,NNG
강의,NNG
전폭,NNG
적성,NNG
공유,NNG
끼,NNG
심근,NNG
경색증,NNG
절주,NNG
후송,NNG
제시간,NNG
백색,NNG
멘토,NNG
과외비,NNG
고집,NNG
호소,NNG
여전히,MAG
흉,NNG
옥상,NNG
눈앞,NNG
실체,NNG
전교,NNG
회장,NNG
안중,NNG
문학소녀,NNG
카네이션,NNG
메일,NNG
털모자,NNG
사촌,NNG
노래방,NNG
퉁명,NNG
텅텅,MAG
이토록,MAG
용도,NNG
싹,MAG
뱃살,NNG
면역,NNG
점차,MAG
호수,NNG
대응,NNG
몰입,NNG
수준,NNG
고독,NNG
영혼,NNG
.대가,NNG
무턱대고,MAG
종종,MAG
참으로,MAG
타인,NNG
맹목,NNG
비방,NNG
빌미,NNG
부품,NNG
가차,NNG
교체,NNG
통,MAG
정성껏,MAG
어린아이,NNG
태산,NNG
보조제,NNG
생색,NNG
맞벌이,NNG
가사,NNG
차지,NNG
설거지,NNG
잡곡밥,NNG
쌀밥,NNG
이리,MAG
누락,NNG
문제점,NNG
혼쭐,NNG
애통,NNG
상무,NNG
꾸중,NNG
망신,NNG
공개,NNG
푹,MAG
호통,NNG
어찌나,MAG
간혹,MAG
미세,NNG
당뇨병,NNG
훈련,NNG
복용,NNG
그만큼,MAG
병명,NNG
오진,NNG
동갑,NNG
진단서,NNG
비서,NNG
여자관계,NNG
인사과,NNG
유전자,NNG
다름없이,MAG
파기,NNG
동성애자,NNG
동성애,NNG
편견,NNG
이성애,NNG
자,NNG
진실,NNG
저절로,MAG
정체,NNG
물거품,NNG
메뉴,NNG
민원,NNG
홱,MAG
환갑,NNG
칠순,NNG
국물,NNG
둘째,NR
문소리,NNG
계,NNG
애지중지,MAG
도자기,NNG
타지,NNG
연고,NNG
되려,MAG
거처,NNG
여태껏,MAG
불법,NNG
수혜,NNG
조달,NNG
아무튼,MAG
구청,NNG
내력,NNG
사교,NNG
할미,NNG
교태,NNG
불우,NNG
권리,NNG
음감,NNG
피아니스트,NNG
코드,NNG
곡,NNG
콩쿠르,NNG
이력,NNG
경비,NNG
일체,MAG
지긋지긋,MAG
명상,NNG
마땅히,MAG
질환자,NNG
상관,NNG
불운,NNG
샌드위치,NNG
후에,NNP
원수,NNG
부지런히,MAG
미용,NNG
식,NNG
충,NNG
초등학교,NNG
성형,NNG
유산소,NNG
채팅방,NNG
공지,NNG
꾸지람,NNG
에스엔에스,NNG
제한,NNG
작품,NNG
발음,NNG
부,XPN
스피치,NNG
매달,MAG
편애,NNG
알선,NNG
낙담,NNG
지방대,NNG
취득,NNG
자부심,NNG
안면,NNG
변명,NNG
기형,NNG
친정엄마,NNP
와르르,MAG
불임,NNG
주원인,NNG
전과자,NNG
사기죄,NNG
증거,NNG
단기간,NNG
당연,NNG
어련히,MAG
각각,MAG
뭣,NP
어머님,NNG
직속,NNG
전출,NNG
이등,NNP
일등,NNG
경시,NNG
금상,NNG
방황,NNG
탈피,NNG
삼자,NNG
원피스,NNP
상기,NNG
선수,NNG
칼,NNG
할당량,NNG
도저히,MAG
도착,NNG
척,MAG
전수,NNG
당당히,MAG
엄연히,MAG
말대꾸,NNG
쟤,NP
가족회의,NNG
흙수저,NNG
힘없이,MAG
정중히,MAG
우산,NNG
패딩,NNG
코트,NNG
굳은살,NNG
가득,MAG
반성,NNG
혀,NNG
작정,NNG
학,NNG
폭,NNG
반성문,NNG
강력,NNG
처벌,NNG
편히,MAG
고발,NNG
나약,NNG
사용자,NNG
큰소리,NNG
아군,NNG
액션,NNG
숨통,NNG
적긎거으로,NNG
.후회,NNG
초반,NNG
온라인,NNG
필통,NNG
연주,NNG
스승,NNG
대충,MAG
증인,NNG
위협,NNG
보복,NNG
빵,NNG
교제,NNG
쾌차,NNG
계단,NNG
힐,NNG
추억,NNG
복합,NNG
주기,NNG
낚시,NNG
태권도,NNG
금메달,NNG
학과,NNG
정권,NNG
스카우트,NNG
제의,NNG
답안지,NNG
등수,NNG
채점,NNG
질,NNG
신랑,NNG
사모,NNG
친분,NNG
정상,NNG
영원,NNG
일쑤,NNG
.대,NNG
가까이,MAG
어느덧,MAG
일부로,MAG
보고,NNG
십구,NR
전반,NNG
인간관계,NNG
비위,NNG
대상자,NNG
포함,NNG
학원비,NNG
협력,NNG
다짐,NNG
녹음,NNG
가이드,NNG
관광지,NNG
선뜻,MAG
위기,NNG
물류,NNG
마케팅,NNG
낌새,NNG
꿀,NNG
벙어리,NNG
사유,NNG
마이너스,NNG
분윳,NNG
무급,NNG
애프터,NNG
호의,NNG
인기투표,NNG
사직서,NNG
제시,NNG
정지,NNG
갈피,NNG
전년도,NNG
베스트,NNG
프렌드,NNG
영화관,NNG
극장,NNG
이미지,NNG
업체,NNG
상술,NNG
몇몇,NR
쌍둥이,NNG
성숙,NNG
평일,NNG
기뻐,NNG
손흥민,NNP
차장,NNG
오더,NNG
엉망,NNG
만년,NNG
대입,NNG
루테인,NNG
마음대로,MAG
뱀,NNG
동물,NNG
이비에스,NNP
방송,NNG
투잡,NNG
만취,NNG
넌덜머리,NNG
오천만,NR
천만,NR
승인,NNG
대사,NNG
증후군,NNG
체형,NNG
성인병,NNG
비만,NNG
골프채,NNG
고대,NNG
조직,NNG
근력,NNG
해고자,NNG
동종,NNG
업계,NNG
수줍음,NNG
용,NNG
후기,NNG
공채,NNG
아래,NNG
감소,NNG
상반기,NNG
엄두,NNG
상가,NNG
임대료,NNG
문제아,NNG
끝장,NNG
그간,NNG
주야,NNG
장천,NNG
관심사,NNG
중심,NNG
인스타그램,NNP
탐색,NNG
규모,NNG
구,XPN
산물,NNG
묘사,NNG
동지,NNG
연장,NNG
수영,NNG
국회,NNG
의원,NNG
가식,NNG
노년기,NNG
마찬가지,NNG
그나마,MAG
이곳저곳,NNG
일상생활,NNG
굴복,NNG
깜빡,MAG
수첩,NNG
최면,NNG
학비,NNG
도태,NNG
극도,NNG
악영향,NNG
불행,NNG
중증,NNG
단련,NNG
우수,NNG
체험,NNG
자괴감,NNG
컨설팅,NNG
제자,NNG
정신과,NNG
일로,MAG
국어국문학과,NNG
참견,NNG
보더,NNG
면박,NNG
허울,NNG
숟가락,NNG
꼬투리,NNG
종속,NNG
사이즈,NNG
누명,NNG
벨,NNG
시부모,NNG
작가,NNG
카메라,NNG
타격,NNG
타,NNG
인식,NNG
귀천,NNG
일거수일투족,NNG
마디,NNG
재계약,NNG
신상,NNG
장학금,NNG
수석,NNG
악취,NNG
향수,NNG
섬유,NNG
유연제,NNG
도서관,NNG
시집,NNG
포장,NNG
순산,NNG
열렬히,MAG
강점,NNG
테이블,NNG
매니저,NNG
톡,NNG
선호,NNG
화풀이,NNG
구성,NNG
완성,NNG
예감,NNG
뜻대로,MAG
고함,NNG
통근,NNG
훈수,NNG
윗사람,NNG
뮤지컬,NNG
정성,NNG
검색어,NNG
다운,NNG
해,NNG
감상,NNG
모바일,NNG
실시간,NNG
범죄,NNG
성범죄,NNG
꼬박꼬박,MAG
선정,NNG
기준,NNG
통과,NNG
진화,NNG
컨펌,NNG
지금껏,MAG
글씨,NNG
문외한,NNG
채팅,NNG
커플,NNG
몫,NNG
불똥,NNG
카카오톡,NNP
흔적,NNG
구구절절,NNG
해명,NNG
대모,NNG
여지,NNG
강제,NNG
원활,NNG
형평,NNG
큰돈,NNG
식욕,NNG
아이돌,NNG
매점,NNG
이맘때,NNG
된장찌개,NNG
간호학과,NNG
문제집,NNG
앞가림,NNG
범위,NNG
과민,NNG
온전히,MAG
헬스클럽,NNG
건지,NNG
구인,NNG
걸림돌,NNG
상승,NNG
만사,NNG
동창회,NNG
잔병,NNG
안색,NNG
감축,NNG
보살핌,NNG
무안,NNG
청약,NNG
친목회,NNG
일관,NNG
트레이닝,NNG
매스,NNG
미디어,NNG
웨이트,NNG
맨,XPN
동영상,NNG
중성,NNG
콜레스테롤,NNG
혈관,NNG
식이요법,NNP
미팅,NNG
카톡,NNP
자기소개서,NNG
고립감,NNG
여직원,NNG
적령기,NNG
인,NNG
염려,NNG
주선,NNG
노산,NNG
연애사,NNG
공과,NNG
주량,NNG
볼링,NNG
놀이공원,NNP
백혈병,NNG
반려,NNG
묘,NNG
신중,NNG
전업,NNG
마침,MAG
반년,NNG
음식물,NNG
순서,NNG
양가,NNG
상견례,NNG
찬성,NNG
안도,NNG
조부모,NNG
끔찍이,MAG
합격자,NNG
연인,NNG
영화배우,NNG
흥행,NNG
여동생,NNG
분발,NNG
왕복,NNG
지하철,NNG
낯가림,NNG
여섯,NR
학창,NNG
장군,NNG
부기,NNG
실직,NNG
사건,NNG
도용,NNG
후반,NNG
발달,NNG
산모,NNG
충돌,NNG
주인,NNG
양해,NNG
난,NNG
줌바,NNP
비상,NNG
체제,NNG
돌입,NNG
월요일,NNG
휴무,NNG
월요병,NNG
말썽,NNG
금실,NNG
도무지,MAG
하도,MAG
종교,NNG
저하,NNG
진절머리,NNG
장가,NNG
필리핀,NNP
시스템,NNG
신뢰감,NNG
연가,NNG
신속,NNG
디자이너,NNG
잔업,NNG
담당자,NNG
박람회,NNG
기반,NNG
종식,NNG
배우자,NNG
요즈음,NNG
별일,NNG
노화,NNG
앞집,NNG
젊은이,NNG
미처,MAG
미소,NNG
보유,NNG
기초,NNG
차근히,MAG
뜻,NNG
다만,MAG
전신,NNG
명예퇴직,NNG
공연히,MAG
상여금,NNG
해석,NNG
논쟁,NNG
소지,NNG
이득,NNG
작전,NNG
세력,NNG
추측,NNG
안주,NNG
투명인간,NNP
충동,NNG
.요가,NNG
봄,NNG
내신,NNG
의대,NNG
티비,NNG
순조,NNG
걱정거리,NNG
박스,NNG
썩,MAG
빌빌,MAG
출입,NNG
명부,NNG
시치미,NNG
확정,NNG
그때그때,MAG
어투,NNG
굉장히,MAG
무단,NNG
결근,NNG
멍하니,MAG
남자친구,NNP
샘,NNG
힐끗,MAG
수군수군,MAG
총,NNG
모처럼,MAG
첫인상,NNG
치마,NNG
정장,NNG
바지,NNG
목걸이,NNG
음료수,NNG
배탈,NNG
재력,NNG
솔로,NNG
이점,NNG
막무가내,NNG
서른,NR
라디오,NNG
여러모로,MAG
언행,NNG
모성애,NNG
친정,NNG
식기세척기,NNP
낙방,NNG
아첨,NNG
입주민,NNG
커뮤니티,NNG
다이아몬드,NNG
반지,NNG
처녀,NNG
전보,NNG
신규,NNG
책임감,NNG
요지,NNG
한파,NNG
복리,NNG
후생,NNG
뒷받침,NNG
불평,NNG
상식,NNG
투,NNG
프린터,NNG
고장,NNG
출력,NNG
하늘,NNG
부근,NNG
반평생,NNG
하필,MAG
여행사,NNG
관광객,NNG
스물,NR
아홉,NR
피시방,NNP
서로서로,MAG
악감정,NNG
함구,NNG
드림,NNG
카,NNG
공간,NNG
고과,NNG
해소,NNG
왕창,MAG
토로,NNG
죽마고우,NNG
안전,NNG
파탄,NNG
지도력,NNG
아랫사람,NNG
왈칵,MAG
청혼,NNG
살이,NNG
홀로,MAG
의무,NNG
공식,NNG
정직원,NNG
시뮬레이션,NNG
음주,NNG
일만,NR
칠,NR
예측,NNG
가부장,NNG
남성,NNG
구성원,NNG
평등,NNG
거부감,NNG
깜박,MAG
기프티콘,NNP
일당,NNG
마음고생,NNG
반박,NNG
도중,NNG
구석구석,NNG
토막,NNG
추가,NNG
매수,NNG
손절매,NNG
턱턱,MAG
쉬어,NNG
연습장,NNG
속리산,NNP
산행,NNG
개인연금,NNG
조항,NNG
오만,NR
입력,NNG
기재,NNG
미경이,NNP
일명,NNG
시비,NNG
툭,MAG
월간지,NNG
경조사,NNG
조의,NNG
조이,NNP
술술,MAG
돌부리,NNG
채소,NNG
국,NNG
윗몸,NNG
가계부,NNG
환영회,NNG
연도,NNG
혹여,MAG
돌발,NNG
스물아홉,NR
구두,NNG
카펫,NNG
눈빛,NNG
게시물,NNG
중반,NNG
스물한,NR
마주,MAG
친동생,NNG
대뜸,MAG
엑셀,NNP
회계,NNG
야식,NNG
몸매,NNG
이곳,NP
저곳,NP
건강관리,NNG
만약,NNG
손수,MAG
낙태,NNG
룰루랄라,NNP
가짜,NNG
짐작,NNG
변,NNG
시한,NNG
인기,NNG
대리운전,NNG
천년만년,NNG
제정신,NNG
깊이,NNG
제주도,NNP
맛집,NNG
카트,NNG
풍요,NNG
법원,NNG
가,XPN
압류,NNG
과시,NNG
절제,NNG
이바지,NNG
퇴임,NNG
매매,NNG
사회인,NNG
의의,NNG
제기,NNG
보직,NNG
업적,NNG
변경,NNG
이의,NNG
실손,NNG
속앓이,NNG
위장,NNG
바이어,NNG
문건,NNG
부담감,NNG
어린애,NNG
히스테리,NNG
몰두,NNG
팀워크,NNG
중시,NNG
개인주의,NNG
지원서,NNG
잔금,NNG
권,NNG
재학,NNG
자퇴,NNG
아가씨,NNG
경황,NNG
며늘,NNP
좌천,NNG
동고동락,NNG
관공서,NNG
입찰,NNG
결산,NNG
연말,NNG
출가,NNG
낙도,NNG
응급실,NNG
단단히,MAG
연로,NNG
직계,NNG
자손,NNG
면회,NNG
장만,NNG
타입,NNG
노부부,NNG
혹시나,MAG
시샘,NNG
초경,NNG
호출,NNG
자궁,NNG
폐경,NNG
호르몬,NNG
인성,NNG
매체,NNG
돈독히,MAG
씀씀이,NNG
빈틈,NNG
대외,NNG
사고방식,NNG
복귀,NNG
송두리째,MAG
봉급,NNG
횡령,NNG
혼미,NNG
대부,NNG
한둘,NR
단것,NNG
수,NNG
기껏,MAG
추석,NNG
시가,NNG
외근,NNG
식성,NNG
샐러드,NNG
발주,NNG
오타,NNG
자릿수,NNG
국수,NNG
툭툭,MAG
반감,NNG
금요일,NNG
시국,NNG
그럭저럭,MAG
정자,NNG
구색,NNG
들러리,NNG
밤새,NNG
등원,NNG
상여,NNG
게시판,NNG
떡,NNG
개설,NNG
설마,MAG
외곽,NNG
쪽,NNG
경치,NNG
수포,NNG
단위,NNG
저장,NNG
포토샵,NNG
탕비,NNG
방관,NNG
일일이,MAG
기복,NNG
죄의식,NNG
전망,NNG
훌훌,MAG
짬,NNG
환불,NNG
좀처럼,MAG
알람,NNG
내역,NNG
정서,NNG
유출,NNG
보안,NNG
이벤트,NNG
수요일,NNG
샤워,NNG
진동,NNG
오죽,MAG
스몰,NNG
웨딩,NNG
남남,NNG
수명,NNG
건강미,NNG
화면,NNG
키보드,NNG
대체로,MAG
지점장,NNG
막내아들,NNG
순종,NNG
관점,NNG
시사,NNG
다큐멘터리,NNG
안방,NNG
입원비,NNG
의료비,NNG
쓸쓸히,MAG
경솔,NNG
벌이,NNG
버럭,MAG
특별,NNG
욱,MAG
계기,NNG
엘리베이터,NNG
살며시,MAG
약관,NNG
최상,NNG
회비,NNG
체육관,NNG
변덕,NNG
비판,NNG
졸업식,NNG
세트,NNG
처,NNG
러닝,NNG
머신,NNG
표적,NNG
호흡기,NNG
지수,NNG
폭락,NNG
응시,NNG
임원,NNG
지난달,NNG
토익,NNP
컨디션,NNG
강도,NNG
사안,NNG
이내,NNG
주소록,NNG
승진자,NNG
시점,NNG
보호자,NNG
정밀,NNG
오전,NNG
위염,NNG
매월,MAG
이율,NNG
경련,NNG
지방간,NNG
혈,NNG
덩어리,NNG
양성,NNG
갑상샘,NNP
기능,NNG
대수,NNG
염,NNG
수습,NNG
달성,NNG
윗선,NNG
상향,NNG
외,NNG
설계사,NNG
기왕,MAG
방역,NNG
기저,NNG
정산,NNG
목숨,NNG
사표,NNG
드론,NNG
조종,NNG
몸무게,NNG
대변,NNG
놀잇감,NNG
불쑥,MAG
바늘방석,NNG
두절,NNG
전후,NNG
추진력,NNG
이따가,MAG
해장국,NNG
잠자리,NNG
속병,NNG
의사소통,NNG
의도,NNG
최,NNP
꽃꽂이,NNG
별거,NNG
초보자,NNG
에너지,NNG
기피,NNG
미국,NNP
형성,NNG
자세,NNG
사방,NNG
정육면체,NNG
모순,NNG
속도위반,NNG
종용,NNG
악순환,NNG
우울감,NNG
주례,NNG
여부,NNG
동시,NNG
살얼음판,NNG
뇌물,NNG
경영,NNG
명퇴,NNG
업종,NNG
오래전,NNG
인대,NNG
근래,NNG
오후,NNG
장시간,NNG
스키,NNG
금물,NNG
겨울,NNG
무주택자,NNG
마찰,NNG
인심,NNG
만원,NNG
건설업,NNG
오백,NR
계약금,NNG
동호,NNP
계발,NNG
목적,NNG
음란물,NNG
운영자,NNG
청와대,NNP
청원,NNG
동참,NNG
예단,NNG
모피,NNG
가을,NNG
오피스,NNG
앞뒤,NNG
식장,NNG
성수기,NNG
환상,NNG
국내,NNG
고용주,NNG
각종,NNG
어쩜,MAG
벼락,NNG
생신,NNG
오류,NNG
차근차근,MAG
해약,NNG
되풀이,NNG
오로지,MAG
스위스,NNP
감격,NNG
고구마,NNG
원점,NNG
셋,NR
조심히,MAG
휴양지,NNG
바닷가,NNG
충전,NNG
케어,NNG
박봉,NNG
막바지,NNG
허비,NNG
난임,NNG
실격,NNG
간절히,MAG
이만큼,MAG
트라우마,NNP
예,NNG
빠짐없이,MAG
혼전,NNG
권태감,NNG
신생아,NNG
전적,NNG
그쪽,NP
약학,NNG
폭로,NNG
민원인,NNG
면접장,NNG
여간,MAG
안달복달,NNG
멋대로,MAG
.사표,NNG
그다음,NNG
애착,NNG
말기,NNG
건재,NNG
대기업,NNP
시행,NNG
서명,NNG
염두,NNG
강탈,NNG
혼수,NNG
시늉,NNG
공고문,NNG
어저께,MAG
벤처,NNG
감회,NNG
파릇파릇,MAG
취준생,NNG
치유,NNG
민철이,NNG
대형,NNG
줄,NNG
필기,NNG
예식,NNG
말주변,NNG
수련회,NNG
나이트클럽,NNG
반납,NNG
인사처,NNG
승무원,NNG
기말고사,NNG
짝꿍,NNG
여자아이,NNG
식은땀,NNG
탄수화물,NNG
밀가루,NNG
저녁때,NNG
악담,NNG
공격,NNG
빈곤,NNG
몽땅,MAG
찌릿,NNG
구가,NNG
렌즈,NNG
감원,NNG
단풍잎,NNG
접촉,NNG
자궁암,NNG
발병,NNG
나열,NNG
실비,NNG
훈육,NNG
또박또박,MAG
비타민,NNG
강조,NNG
뒷덜미,NNG
손실,NNG
일기예보,NNP
청탁,NNG
필기시험,NNG
회피,NNG
오지랖,NNG
증가,NNG
손길,NNG
핸드백,NNG
대머리,NNG
방지,NNG
샴푸,NNG
표준,NNG
신비,NNG
똑,MAG
창고,NNG
인수인계,NNG
탈출,NNG
벼슬,NNG
배치,NNG
커피숍,NNG
안정감,NNG
수액,NNG
이모부,NNG
무식,NNG
한꺼번에,MAG
태아,NNG
아이스,NNG
마카롱,NNP
디저트,NNG
또다시,MAG
마흔,NR
신문,NNG
호들갑,NNG
매뉴얼,NNG
정독,NNG
인공,NNG
비전,NNG
지식,NNG
뒷이야기,NNG
진전,NNG
악습,NNG
사방팔방,NNG
밥맛,NNG
싱숭생숭,MAG
중절,NNG
정신없이,MAG
빠릿빠릿,NNG
역부족,NNG
깍쟁이,NNG
내성,NNG
벌벌,MAG
고독감,NNG
주저,NNG
꽉,MAG
반말,NNG
하인,NNG
굴욕감,NNG
황망히,MAG
이른바,MAG
열심,NNG
선자,NNG
장거리,NNG
별말,NNG
예고,NNG
보너스,NNG
공돈,NNG
전자,NNG
혹사,NNG
노예,NNG
희생정신,NNG
효녀,NNG
수고,NNG
노동,NNG
해방,NNG
편입,NNG
교내,NNG
형식,NNG
풀,NNG
공포,NNG
아랫집,NNG
급격히,MAG
.여,NNG
사망,NNG
편두통,NNG
침체,NNG
확산,NNG
위생,NNG
강화,NNG
유치,NNG
시름,NNG
체격,NNG
내년도,NNG
수립,NNG
여건,NNG
아토피,NNG
심,NNG
패닉,NNG
집중도,NNG
비관,NNG
경과,NNG
옛말,NNG
불황,NNG
뜬금없이,MAG
회의록,NNG
오픈,NNG
근육통,NNG
별것,NNG
공군,NNG
입대,NNG
기대감,NNG
활동량,NNG
착용,NNG
외동딸,NNG
외아들,NNG
수족,NNG
냉증,NNG
배경,NNG
희생양,NNG
전환점,NNG
고려,NNG
구실,NNG
야망,NNG
공기업,NNG
사기업,NNG
자연스레,MAG
재활,NNG
모색,NNG
짜장면,NNG
젖,NNG
아등바등,MAG
이쯤,MAG
기량,NNG
주임,NNG
하루빨리,MAG
장르,NNG
코미디,NNG
에이,NNG
단조,NNG
템포,NNG
인신,NNG
외동,NNG
비혼,NNG
지지부진,NNG
튀김,NNG
상전,NNG
선언,NNG
자수,NNG
장기간,NNG
악착같이,MAG
하락,NNG
무대,NNG
공포증,NNG
일기장,NNG
대한민국,NNP
공정,NNG
학생회,NNG
요약본,NNG
자소서,NNG
특강,NNG
금융,NNG
겉모습,NNG
하나님,NNG
떡볶이,NNG
계약서,NNG
사유서,NNG
성폭력,NNG
에러,NNG
한순간,NNG
현실감,NNG
수백,NR
을,NNG
저것,NP
비록,MAG
채,MAG
팀플레이,NNG
문득,MAG
기밀,NNG
과언,NNG
부질없이,MAG
십억,NR
어쩌다가,MAG
수중,NNG
창밖,NNG
상대편,NNG
모로,MAG
은혜,NNG
전공과목,NNG
공인,NNG
인증,NNG
경쟁력,NNG
결백,NNG
박사,NNG
체증,NNG
구제책,NNG
파산,NNG
그날,NNG
벌점,NNG
투기,NNG
세입자,NNG
고가,NNG
뒷,NNG
서바이벌,NNP
치열,NNG
거짓,NNG
국가고시,NNG
황금,NNG
꿋꿋이,MAG
눈총,NNG
발표일,NNG
청첩장,NNG
인쇄,NNG
천성,NNG
양다리,NNG
보도,NNG
강남,NNP
성별,NNG
연관,NNG
삐끗,MAG
고혈압,NNP
성분,NNG
복용량,NNP
외지,NNG
순간순간,MAG
자존,NNG
쥐꼬리,NNG
착실히,MAG
사우나,NNG
상당히,MAG
바탕,NNG
심호흡,NNG
기성,NNG
간직,NNG
채근,NNG
식이,NNG
요법,NNG
통지,NNG
생동감,NNG
초보,NNG
최악,NNG
여사원,NNG
저마다,MAG
삼천만,NR
금수저,NNG
축의금,NNG
삼포,NNP
포,NNG
한데,NNG
위약금,NNP
야구장,NNG
배분,NNG
분배,NNG
입맛,NNG
나흘,NNG
겸사겸사,MAG
합병증,NNG
실장,NNG
소모전,NNG
안내,NNG
물불,NNG
부스럼,NNG
옷맵시,NNG
지방량,NNG
성교육,NNG
상환,NNG
수입원,NNG
주택,NNG
뼈마디,NNG
퇴물,NNG
오락가락,MAG
자가,NNG
팔자,NNG
한몫,NNG
모레,NNG
항변,NNG
자살,NNG
근교,NNG
부수,NNG
계절,NNG
응시료,NNG
소극,NNG
이만,MAG
빈손,NNG
사서,NNG
북카페,NNP
편집,NNG
중퇴,NNG
설명회,NNG
강연,NNG
류머티즘,NNG
방치,NNG
연휴,NNG
항목,NNG
한강,NNP
이십사,NR
사만,NR
쇼,NNG
치료비,NNG
육십,NR
즘,NNG
팔다리,NNG
허리띠,NNG
저금,NNG
기필코,MAG
답안,NNG
무효,NNG
시청,NNG
술주정,NNG
인내,NNG
무려,MAG
물리,NNG
안하무인,NNG
동갑내기,NNG
오십견,NNG
권장,NNG
성심성의껏,MAG
하와이,NNP
전화기,NNG
시급,NNG
아침밥,NNG
촬영,NNG
추천서,NNG
과대,NNG
순리,NNG
공감대,NNG
복종,NNG
건강식,NNG
최소,NNG
장인어른,NNG
극,NNG
미흡,NNG
계곡,NNG
대박,NNG
다람쥐,NNG
겉치레,NNG
대시,NNG
사막,NNG
원통,NNG
하위,NNG
반쪽,NNG
양육비,NNG
전날,NNG
독,NNP
징징,MAG
허심탄회,NNG
얼마만큼,MAG
소홀히,MAG
접시,NNG
물병,NNG
고민거리,NNG
단답,NNG
축가,NNG
고요,NNG
빈자리,NNG
냉풍기,NNG
창문,NNG
곧바로,MAG
확진자,NNG
광주,NNP
재산세,NNG
미리미리,MAG
계획서,NNG
수요,NNG
실시,NNG
근태,NNG
앞서,MAG
단층,NNG
소견,NNG
천식,NNG
업장,NNG
외벌이,NNG
녹,NNG
록,NNG
고지서,NNG
적자,NNG
잔액,NNG
야간,NNG
나잇살,NNG
비상금,NNG
가죽,NNG
공예,NNG
퀼팅,NNP
역류,NNG
식도염,NNP
과식,NNG
월,NNG
요가,NNG
진짜로,MAG
여럿,NNG
몸조심,NNG
되게,MAG
꾸역꾸역,MAG
아이템,NNG
매장,NNG
다단계,NNG
끼니,NNG
출세,NNG
꼼짝없이,MAG
감염병,NNG
백신,NNG
환절기,NNG
해자,NNG
논술,NNG
곤충,NNG
채집,NNG
권태기,NNG
집회,NNG
회사원,NNG
감염자,NNG
독차지,NNG
귀국,NNG
시아버님,NNG
시아버지,NNG
소,NNG
올케,NNG
경향,NNG
경계,NNG
명확히,MAG
비문,NNG
전원주택,NNG
건축,NNG
혹은,MAG
부녀회장,NNG
부녀회,NNG
규제,NNG
향상,NNG
캠핑,NNG
연수,NNG
과도,NNG
성취,NNG
찜,NNG
염원,NNG
이따,MAG
귀가,NNG
뒤끝,NNG
불고기,NNG
한정식,NNG
노동조합,NNG
가이드라인,NNG
증세,NNG
에스앤에스,NNG
계층,NNG
성추행,NNG
처신,NNG
두근두근,MAG
용품,NNG
시녀,NNG
고주망태,NNG
현관문,NNG
저거,NP
장단,NNG
비리,NNG
초,XPN
소형,NNG
부서장,NNG
찌,MAG
혈액형,NNG
게이,NNG
초래,NNG
심혈관,NNG
선진국,NNG
오매불망,NNG
만반,NNG
설탕,NNG
소금,NNG
심사숙고,NNG
파트너,NNG
홀수,NNG
반값,NNG
귀띔,NNG
트레이너,NNG
스토커,NNP
추궁,NNG
생애,NNG
바다,NNG
번개,NNG
물속,NNG
산더미,NNG
송금,NNG
탄력,NNG
내부,NNG
다지,NNG
실망감,NNG
호캉스,NNP
부재중,NNG
종목,NNG
개별,NNG
활발히,MAG
분풀이,NNG
보이스피싱,NNG
보편,NNG
뒷수습,NNG
사규,NNG
척척,MAG
장례식,NNG
이메일,NNG
결실,NNG
일확천금,NNG
종신,NNG
빚쟁이,NNG
가정법원,NNP
생,NNG
천엽,NNG
삼백만,NR
탕감,NNG
캠프,NNG
떼,NNG
일치,NNG
추진,NNG
실용,NNG
폐기,NNG
나날,NNG
급감,NNG
자재,NNG
실정,NNG
단기,NNG
반발,NNG
낙제점,NNG
예체능,NNG
회원권,NNG
전근,NNG
연간,NNG
적정,NNG
이백사십,NR
당직,NNG
당일,NNG
약용식물,NNP
해지,NNG
환급금,NNG
국장,NNG
큰아이,NNG
유독,MAG
치졸,NNG
살맛,NNG
항공업,NNG
산업,NNG
활황,NNG
행각,NNG
처우,NNG
목욕탕,NNG
물질,NNG
제보자,NNG
환장,NNG
축복,NNG
흡연자,NNG
벌레,NNG
적대,NNG
전셋집,NNG
짜증나,NNG
태풍,NNG
해제,NNG
의,NNG
등,NNG
희생자,NNG
훌쩍,MAG
휴양,NNG
관광,NNG
묵살,NNG
내가 뭘 잘못했길래,NNP
허투루,MAG
벌떡,MAG
직설,NNG
도리어,MAG
까딱,MAG
하녀,NNG
천정,NNG
루머,NNG
산후,NNG
백조,NNP
아이러니,NNG
트림,NNG
주최,NNG
독방,NNG
사주팔자,NNG
삭감,NNG
유달리,MAG
줄줄,MAG
사용법,NNG
여비서,NNG
싱글벙글,MAG
사시,NNG
내과,NNG
간신히,MAG
수발,NNG
시험지,NNG
복도,NNG
산산조각,NNG
화상,NNG
맞춤법,NNG
얌전,NNG
정전,NNG
강원도,NNP
교생,NNG
첫,XPN
나무,NNG
은사,NNG
은인,NNG
콘서트,NNG
부정맥,NNG
발현,NNG
욕구불만,NNP
도벽,NNG
하반신,NNG
손재주,NNG
금세,MAG
뇌리,NNG
풍치,NNG
한평생,MAG
십자수,NNG
강좌,NNG
프로,NNG
야구,NNG
시합,NNG
그런대로,MAG
변기,NNG
뚜껑,NNG
여름휴가,NNG
공중화장실,NNP
버튼,NNG
멤버,NNG
전원,NNG
삼십억,NR
백팔십,NR
욕구,NNG
폭발,NNG
합방,NNG
외국어,NNG
통역,NNG
가요,NNG
대장,NNG
폴립,NNP
낮잠,NNG
유의,NNG
빌라,NNG
빌라이,NNP
복층,NNG
테라스,NNG
분양,NNG
궁핍,NNG
욕받이,NNG
당화혈색소,NNP
본심,NNG
탁구,NNG
여력,NNG
요리사,NNG
활력소,NNG
모녀,NNG
공금,NNG
환승,NNG
해물,NNG
동해,NNP
해안,NNG
엠티,NNG
한국어,NNP
학사,NNG
패턴,NNG
플러스,NNG
조장,NNG
꼭대기,NNG
남친,NNG
셀프,NNG
시종일관,NNG
.지시,NNG
귀촌,NNG
쌈,NNG
연구실,NNG
파렴치,NNG
고부,NNG
타의,NNG
.소개,NNG
장단점,NNG
쪽지,NNG
독학,NNG
풍경,NNG
알콩달콩,MAG
.엠비티,NNG
재직,NNG
냉대,NNG
쇠약,NNG
대중교통,NNG
휴학,NNG
우선순위,NNG
의거,NNG
섣불리,MAG
성질,NNG
구분,NNG
재고,NNG
파손,NNG
물품,NNG
구경,NNG
개탄,NNG
인질,NNG
살인,NNG
막강,NNG
막연히,MAG
쥐,NNG
골치,NNG
동업자,NNG
신호,NNG
고독사,NNG
온기,NNG
까닭,NNG
유명인,NNG
철렁,MAG
자질,NNG
인큐베이터,NNG
갓난아기,NNG
생사,NNG
아마추어,NNG
오케스트라,NNG
이웃집,NNG
초인종,NNG
밤중,NNG
.낯,NNG
젤,MAG
인격,NNG
모독,NNG
학생부,NNG
예습,NNG
친화력,NNG
적합,NNG
정황,NNG
.허례허,NNG
생략,NNG
충실히,MAG
선고,NNG
매상,NNG
학문,NNG
실례,NNG
표면,NNG
표면적,NNG
세부,NNG
하마터면,MAG
능률,NNG
육체,NNG
들통,NNG
모태,NNG
절친,NNG
시어른,NNG
트러블,NNG
인쇄물,NNG
완벽주의자,NNG
진도,NNG
이왕,MAG
실내,NNG
자영업,NNG
씩,MAG
게임방,NNP
예년,NNG
헬스,NNG
체지방,NNG
근육량,NNG
코피,NNG
현기증,NNG
생산,NNG
다수,NNG
고배,NNG
자책감,NNG
곰곰이,MAG
가관,NNG
중책,NNG
배임,NNG
저질,NNG
산악,NNG
돼지,NNG
빗,NNG
지점,NNG
장미꽃,NNG
송이,NNG
조카,NNG
때로는,MAG
돌잔치,NNG
그토록,MAG
코털,NNG
삐죽,MAG
가위,NNG
나눔,NNG
교통비,NNG
골절,NNG
병문,NNG
근황,NNG
너무너무,MAG
기숙사,NNG
요번,NNG
한껏,MAG
오래간만,NNG
친언니,NNG
드레스,NNG
음식점,NNG
웨딩플래너,NNP
복장,NNG
어조,NNG
동력,NNG
블로그,NNG
적정선,NNG
피피티,NNG
상부,NNG
클린,NNG
대내,NNG
어린이집,NNG
개강,NNG
유발,NNG
여자애,NNG
경쟁자,NNG
일요일,NNG
특성,NNG
고교,NNG
장려금,NNG
장학,NNG
해탈,NNG
대판,NNG
대립,NNG
관계자,NNG
입학식,NNG
장염,NNG
쌍욕,NNG
허가,NNG
.초조,NNG
모회사,NNG
정류장,NNG
새치기,NNG
음료,NNG
공통,NNG
식판,NNG
주목,NNG
음향,NNG
수시,NNG
준비기,NNG
엄포,NNG
서적,NNG
중,NNG
고서적,NNG
중압감,NNG
맥,NNG
신혼여행,NNG
의례,NNG
나락,NNG
행패,NNG
구석,NNG
점주,NNG
신분증,NNG
분실,NNG
핑,MAG
녹초,NNG
원조,NNG
배짱,NNG
소액,NNG
신나게,NNP
까탈,NNG
산후조리원,NNP
퇴소,NNG
계산서,NNG
발행,NNG
백일,NNG
스파게티,NNG
휴,NNG
대화방,NNG
첨부,NNG
지난,NNG
퇴직자,NNG
직책,NNG
압력,NNG
오르락내리락,MAG
버킷 리스트,NNP
천하태평,NNG
허망,NNG
사법,NNG
고시,NNG
소속,NNG
임용,NNG
티오,NNG
몸조리,NNG
조리,MAG
폐쇄,NNG
요지경,NNG
사립,NNG
거금,NNG
관례,NNG
행세,NNG
사치품,NNG
고질병,NNG
초월,NNG
융화,NNG
언어,NNG
허례,NNG
허식,NNG
공모,NNG
출전,NNG
한탄,NNG
꼰대,NNG
탯줄,NNG
고전,NNG
이쪽,NP
등쌀,NNG
의학과,NNG
매일매일,MAG
냉소,NNG
타협점,NNG
벗,NNG
오프라인,NNG
제삼자,NNG
질의,NNG
하향,NNG
가운데,NNG
이모,NNG
워낙에,MAG
질색,NNG
영영,MAG
관리자,NNG
올인,NNG
앞길,NNG
한구석,NNG
또한,MAG
스물다섯,NR
불신,NNG
무통,NNG
상담소,NNG
수리,NNG
으슬으슬,MAG
쇠퇴,NNG
일면식,NNG
학구,NNG
딩크족,NNP
유급,NNG
쇼크,NNG
과일,NNG
홀,NNG
의예과,NNG
하교,NNG
정원,NNG
역대,NNG
구백,NR
의리,NNG
강사,NNG
덕택,NNG
이란성,NNG
기출,NNG
유형,NNG
기질,NNG
구두창,NNG
눈시울,NNG
콜센터,NNG
우물쭈물,MAG
바이오,NNG
밥벌이,NNG
쓴웃음,NNG
불확실,NNG
찜질방,NNG
복무,NNG
양치,NNG
카드사,NNG
피싱,NNP
소방,NNG
공문,NNG
어중간,NNG
극구,MAG
세포,NNG
이러니까,MAG
회선,NNG
누적,NNG
뜻밖,NNG
소화도,NNP
안구건조증,NNP
화장,NNG
넋,NNG
진,NNG
어지럼증,NNG
식사비,NNG
떡하니,MAG
딸아,NNP
이세,NNP
기피증,NNG
결말,NNG
뒷골,NNG
정해진,NNP
부사장,NNG
물티슈,NNP
웹툰,NNG
피로감,NNG
선산,NNG
시제,NNG
납골,NNG
동학,NNG
개미,NNG
행렬,NNG
인내심,NNG
십칠,NR
원고,NNG
제작진,NNG
고갈,NNG
지사장,NNG
.수다,NNG
검,NNG
국민,NNG
놀이터,NNG
무게,NNG
공경,NNG
시험공부,NNG
스피닝,NNG
절도,NNG
큰아버지,NNG
당최,MAG
오십만,NR
뚝,MAG
외숙모,NNG
경청,NNG
일곱,NR
양수,NNG
장애우,NNG
감쪽같이,MAG
교재,NNG
출판사,NNG
부케,NNG
정오,NNG
삼성물산,NNP
고비,NNG
초면,NNG
남학생,NNG
막말,NNG
임금,NNG
실신,NNG
과다,NNG
이기주의,NNG
행운아,NNG
여신,NNG
위험관리,NNP
도산,NNG
불치병,NNG
노령,NNG
집세,NNG
해답,NNG
들,MAG
촉박,NNG
여행지,NNG
출판,NNG
편집장,NNG
편집자,NNG
검소,NNG
평안히,MAG
건축주,NNG
벽돌,NNG
이끼,NNG
용납,NNG
용역업체,NNG
중턱,NNG
갈비찜,NNG
시어머님,NNG
간장,NNG
특제,NNG
양념,NNG
비법,NNG
건축비,NNG
웬만큼,MAG
객관,NNG
바다낚시,NNG
개망신,NNG
겸손,NNG
말도,NNP
분량,NNG
역량,NNG
훌륭히,MAG
편파,NNG
천,NR
탁,MAG
얼굴색,NNG
궁리,NNG
제삿날,NNG
음파,NNG
꽃다발,NNG
들쭉날쭉,MAG
자초,NNG
탄탄대로,NNG
금식,NNG
거주,NNG
확진,NNG
이송,NNG
음압,NNG
병동,NNG
부부간,NNG
요령껏,MAG
가족계획,NNG
흡기,NNG
축농증,NNG
.지,NNG
연계,NNG
가혹,NNG
경위,NNG
타이밍,NNG
오다가다,MAG
초코바,NNG
초코바랑,NNP
적임자,NNG
출장지,NNG
지도사,NNG
가계,NNG
일거양득,NNG
골다공증,NNG
필라테스,NNG
육류,NNG
타계,NNG
생전,NNG
열흘간,NNG
선별,NNG
패션,NNG
젬병,NNG
소유주,NNG
더더욱,MAG
폭주,NNG
실물,NNG
예술,NNG
액,NNG
우편,NNG
더구나,MAG
거덜,NNG
가설,NNG
약장수,NNG
음성,NNG
노약자,NNG
젊음,NNG
구호,NNG
허사,NNG
반려견,NNG
오줌,NNG
단속,NNG
부실,NNG
기안,NNG
적이,MAG
건강염려증,NNP
해독,NNG
수동,NNG
담대,NNG
관리부,NNG
부친,NNG
십시일반,NNG
과체중,NNP
상위,NNG
두각,NNG
골밀도,NNG
연하,NNG
옷장,NNG
고도,NNG
일환,NNG
양반,NNG
야산,NNG
홀대,NNG
난데없이,MAG
운동회,NNG
답사,NNG
및,MAG
댓글,NNG
삼십육,NR
수양,NNG
연결,NNG
더없이,MAG
중학,NNG
지지자,NNG
물색,NNG
영문,NNG
전담,NNG
경영학,NNG
초밥,NNG
분란,NNG
제안서,NNG
비밀연애,NNP
구직자,NNG
스르르,MAG
호언장담,NNG
중고차,NNG
평생토록,MAG
궁지,NNG
의혹,NNG
귀인,NNG
기우,NNG
과로사,NNG
팔팔,MAG
대기,NNG
마흔다섯,NR
치중,NNG
철수,NNP
님,NNG
아크,NNG
바틱,NNP
베테랑,NNG
공방,NNG
실현,NNG
복부,NNG
개편,NNG
제트,NNG
주재원,NNG
하우스,NNG
푸어,NNG
겨우겨우,MAG
약물,NNG
공황,NNG
시누,NNG
헤딩,NNG
우여곡절,NNG
이해심,NNG
광고주,NNG
후속,NNG
황반변성,NNP
사립학교,NNG
정교사,NNG
제사,NNG
드,NNP
노동부,NNG
어떡하지,NNP
골골,MAG
호사,NNG
강압,NNG
조문,NNG
천장,NNG
절대로,MAG
쥐구멍,NNG
둥글둥글,MAG
무뚝뚝,NNG
마감일,NNG
만두,NNG
제자리걸음,NNG
백화점,NNG
서툰,NNG
곤혹,NNG
식중독,NNG
회의실,NNG
개성,NNG
중재자,NNG
역,NNG
일방통행,NNG
인색,NNG
낙천,NNG
토실토실,MAG
전략,NNG
기획실,NNG
핵심,NNG
시민,NNG
지자체,NNG
단순히,MAG
오월,NNG
집단,NNG
무역,NNG
프랑스어,NNP
.고과,NNG
감히,MAG
문명,NNG
미성년자,NNG
경신,NNG
이러다가,MAG
인구,NNG
또는,MAG
오른쪽,NNG
안쪽,NNG
정형외과,NNG
한방,NNG
소품,NNG
순식간,NNG
전시회,NNG
캐릭터,NNG
주변인,NNG
푼돈,NNG
선동,NNG
볼일,NNG
웨딩드레스,NNG
근무지,NNG
흑,NNG
고등어,NNG
맘껏,MAG
소장,NNG
인출,NNG
배드민턴,NNG
상벌,NNG
분쟁,NNG
물리치료,NNP
노모,NNG
말벗,NNG
판단력,NNG
프로세스,NNG
전산,NNG
신청자,NNG
확보,NNG
일차,NNG
본,NNG
중견,NNG
급성,NNG
발인,NNG
중복,NNG
난산,NNG
앙금,NNG
헤드헌터,NNP
국문,NNG
매출액,NNG
찌뿌둥해,NNG
판,NNG
사이클,NNG
돌연사,NNG
비율,NNG
딴판,NNG
생명,NNG
쓰레기통,NNG
제약,NNG
바가지,NNG
신혼부부,NNG
국민신문고,NNP
불평불만,NNG
언론,NNG
수직,NNG
동정심,NNG
재무제표,NNG
생체,NNG
새옹지마,NNG
하나둘,NNG
건너편,NNG
효자,NNG
횡단보도,NNG
횡단,NNG
.조,NNG
미련,NNG
건성,NNG
외교,NNG
외교관,NNG
아이와,NNP
그럼,MAG
축구공,NNG
기말,NNG
지정,NNG
이날,NNG
코치,NNG
부고,NNG
공양,NNG
아들내미,NNG
딸내미,NNG
식모,NNG
묵묵히,MAG
가까스로,MAG
물정,NNG
느릿느릿,MAG
절실히,MAG
혈액,NNG
순환,NNG
찌릿찌릿,MAG
간헐,NNG
느긋이,MAG
방조,NNG
아사,NNG
투찰,NNG
낙찰,NNG
열불,NNG
담판,NNG
요건,NNG
맞이,NNG
별도,NNG
싱글,NNG
책임자,NNG
어렵사리,MAG
녀석,NNG
눈코,NNG
경쟁사,NNG
오퍼,NNG
재택,NNG
축소,NNG
공기관,NNG
호형호제,NNG
팀장급,NNG
동문,NNG
총무,NNG
갑작스레,MAG
정착,NNG
건조,NNG
경각심,NNG
참관,NNG
밭,NNG
평화,NNG
장년,NNG
상당,NNG
임산부,NNG
완성도,NNG
열등,NNG
대세,NNG
충당,NNG
섹스리스,NNG
십상,NNG
용종,NNP
육식,NNG
번아웃,NNG
가늠,NNG
내면,NNG
촌,NNG
만감,NNG
교차,NNG
.메모,NNG
콘테스트,NNG
개최,NNG
부상,NNG
재검,NNG
달걀,NNG
견과,NNG
소스,NNG
키위,NNG
동글동글,MAG
칼로리,NNG
게재,NNG
배후,NNG
지체,NNG
장롱,NNG
해물탕,NNG
수산,NNG
재료,NNG
일원,NNG
어언,MAG
곗돈,NNG
야반도주,NNG
보약,NNG
발뺌,NNG
각질,NNG
골수,NNG
경색,NNG
심장병,NNG
서,NNG
꼼짝,MAG
깁스,NNG
엑스레이,NNG
연골,NNG
수록,NNG
신형,NNG
단어,NNG
만화,NNG
런닝맨,NNP
상이,NNG
.과제,NNG
.힘,NNG
실패작,NNG
찬찬히,MAG
어깃장,NNG
구입,NNG
미투,NNG
궁,NNG
그이,NP
큰애,NNG
베이비부머,NNG
균형,NNG
명목,NNG
센스,NNG
주의자,NNG
냉동식품,NNG
대물림,NNG
모텔,NNG
메이커,NNG
어리바리,NNG
걸레,NNG
타령,NNG
베스트프,NNG
랜드,NNG
더치페이,NNP
도우느,NNG
숙지,NNG
스쿠버,NNG
다이빙,NNG
주요,NNG
원동력,NNG
소감,NNG
표현력,NNG
폭식,NNG
로봇,NNG
소변,NNG
대중,NNG
근본,NNG
노크,NNG
무교,NNP
기독교,NNG
성장기,NNG
돌연,MAG
집구석,NNG
박탈감,NNG
막냇,NNG
워라밸,NNG
뾰족,MAG
기차,NNG
세차,NNG
왈가왈부,NNG
정돈,NNG
임대,NNG
뻥,MAG
잡일,NNG
말단,NNG
복대,NNG
스물여섯,NR
작문,NNG
후유증,NNG
과학,NNG
실험,NNG
알뜰,NNG
이왕이면,MAG
빚보증,NNG
각서,NNG
오피스텔,NNG
간염,NNG
배송,NNG
토대,NNG
절망감,NNG
공로,NNG
난이도,NNG
자제력,NNG
경고,NNG
글자,NNG
오리엔테이션,NNG
하락세,NNG
외형,NNG
진출,NNG
종료,NNG
선거,NNG
.판매처,NNG
시험관,NNG
인터뷰,NNG
코인,NNG
잡생각,NNG
붕,MAG
새끼,NNG
발가락,NNG
배지,NNG
석,NNG
유통,NNG
매운탕,NNG
위원장,NNG
한결같이,MAG
당번,NNG
간수,NNG
하대,NNG
작은딸,NNG
허위,NNG
풀이,NNG
무작정,MAG
점장,NNG
비속어,NNG
기관지,NNG
간접,NNG
대외비,NNG
연체,NNG
담보,NNG
의병,NNG
전역,NNG
로비,NNG
근데,MAG
형부,NNG
차트,NNG
구멍,NNG
주차장,NNG
피티,NNG
연루,NNG
위아래,NNG
수위,NNG
멘붕,NNG
인테리어,NNG
원격,NNG
개학,NNG
시안,NNP
요실금,NNG
전업주부,NNG
명령,NNG
공손히,MAG
내실,NNG
힘듦,NNP
연세,NNG
바이러스,NNG
내조,NNG
증오,NNG
천국,NNG
원장,NNG
에어컨,NNG
다락방,NNG
휴게,NNG
마인드,NNG
영향력,NNG
필수,NNG
스스럼없이,MAG
절로,MAG
외딴섬,NNP
실질,NNG
연상녀,NNP
깍듯이,MAG
늦둥이,NNG
남매,NNG
리액션,NNP
일거리,NNG
덥석,MAG
방탕,NNG
뜬구름,NNG
택배업,NNG
택배,NNG
운반,NNG
비교적,MAG
.과,NNG
현직,NNG
새로움,NNG
애경사,NNG
품앗이,NNG
수억,NR
채권,NNG
회수,NNG
살길,NNG
박동,NNG
스텐트,NNG
삽입,NNG
협심증,NNG
간격,NNG
덜컥,MAG
달랑,MAG
빈집,NNG
입버릇,NNG
소신,NNG
축적,NNG
병마,NNG
연명,NNG
처자식,NNG
판막증,NNG
일가,NNG
소일,NNG
무일푼,NNG
요로,NNG
배뇨,NNG
이해관계,NNG
혼사,NNG
인명,NNG
재천,NNG
교훈,NNG
노여움,NNG
응모,NNG
연유,NNG
복원,NNG
제거,NNG
융자,NNG
알바,NNG
만료,NNG
퇴행,NNG
활동력,NNG
육체노동,NNG
어금니,NNG
마취,NNG
유튜버,NNP
거역,NNG
봉투,NNG
직능,NNG
수행력,NNG
지난해,NNG
염증,NNG
실금,NNG
삼겹살,NNG
전쟁,NNG
건달,NNG
심술,NNG
주름투성이,NNG
반면,NNG
잡곡,NNG
더위,NNG
전기세,NNG
폭탄,NNG
피자,NNG
햇빛,NNG
잡티,NNG
미관,NNG
자외선,NNG
차단제,NNG
조례,NNG
거명,NNG
지도,NNG
살기,NNG
적반하장,NNG
품행,NNG
충성,NNG
예정자,NNG
뒷머리,NNG
인품,NNG
난도,NNG
인재상,NNG
설령,MAG
인종,NNG
정적,NNG
동경,NNG
생존,NNG
공적,NNG
상소,NNG
비치,NNP
물결,NNG
안건,NNG
초산,NNG
불교,NNG
틴트,NNP
버릇없이,MAG
고위,NNG
공직자,NNG
눈높이,NNG
매칭,NNG
경제력,NNG
의절,NNG
잡담,NNG
조산,NNG
체념,NNG
사명감,NNG
팬,NNG
훗날,NNG
습성,NNG
콜로라도,NNP
교인,NNG
이삿짐,NNG
연고지,NNG
속임수,NNG
환전,NNG
석차,NNG
이유라,NNP
까닥,MAG
목록,NNG
결론,NNG
예물,NNG
차단,NNG
반바지,NNG
갓,MAG
병아리,NNG
변함없이,MAG
.잦,NNG
동거,NNG
협박,NNG
수사대,NNG
계리,NNP
융합,NNG
프로그래밍,NNG
주입식,NNG
촛불,NNG
녀,NNG
하늘나라,NNG
환호,NNG
전전,NNG
두고두고,MAG
돌싱,NNG
자꾸만,MAG
.호의,NNG
성대모사,NNG
티켓,NNG
커리어,NNG
욕지기,NNG
나이키,NNP
바리스타,NNG
커트라인,NNG
광속,NNG
기획사,NNG
캐스팅,NNG
트랜스젠더,NNG
이때,NNG
신용등급,NNP
질문지,NNG
연상,NNG
취약점,NNG
부채,NNG
안일,NNG
신경전,NNG
때때로,MAG
기쁘다마,NNG
돌,NNG
만점,NNG
잠수,NNG
침,NNG
지민,NNP
정색,NNG
혼수상태,NNG
휴식기,NNG
은근슬쩍,MAG
뒤치다꺼리,NNG
서커스단,NNG
높이,NNG
깔,NNG
센티,NNG
배우,NNG
샷,NNG
부랴부랴,MAG
심화,NNG
난관,NNG
냉면,NNG
지하철역,NNG
폭우,NNG
비행사,NNG
비행기,NNG
안락,NNG
납골당,NNG
따,NNG
포교,NNG
영희,NNP
주시,NNG
한시,NNG
서비스업,NNG
한판,NNG
멘탈,NNG
전남편,NNG
투어,NNG
롤,NNG
머릿수,NNG
부임,NNG
.쓰,NNG
위자료,NNG
영업부,NNG
임기응변,NNG
빽,NNG
자본주의,NNG
준비물,NNG
후회되고,NNG
잔인,NNG
다과,NNG
.상사,NNG
자포자기,NNG
젠틀해,NNG
과자,NNG
가족사,NNG
옹호,NNG
내복,NNG
허세,NNG
쌀,NNG
캔,NNG
기물,NNG
능력자들,NNP
능력자,NNG
행태,NNG
붕괴,NNG
화요일,NNG
죄송,NNG
소속감,NNG
골반,NNG
신념,NNG
늘그막,NNG
어리광,NNG
특이,NNG
징조,NNG
잔심부름,NNG
머슴,NNG
애초,NNG
전송,NNG
제빵사,NNP
제빵,NNG
축하금,NNG
귓등,NNG
배우자와,NNG
시시각각,NNG
진상,NNG
내정자,NNG
꼬치꼬치,MAG
본가,NNG
외도,NNG
천지,NNG
궁극,NNG
버킷,NNG
합심,NNG
과실,NNG
강릉,NNP
서핑,NNG
아찔,MAG
동일,NNG
후자,NNG
베이킹,NNG
왜냐면,MAG
끝끝내,MAG
눈썹,NNG
시시,NNG
고어,NNG
부사,NNG
여분,NNG
공학,NNG
쐐기,NNG
물욕,NNG
.에어프라,NNG
이어,NNG
심도,NNG
친절히,MAG
무인도,NNG
답례,NNG
분리,NNG
수거,NNG
함,NNG
연대,NNG
가동,NNG
가산점,NNG
안산,NNP
가발,NNG
룩,NNG
널,NNG
키즈,NNG
반려동물,NNG
스케줄,NNG
삼일,NNP
사진첩,NNG
학연,NNG
색,NNG
의외로,MAG
당일치기,NNG
코스,NNG
주먹,NNG
클럽,NNG
비자,NNG
출국,NNG
똥오줌,NNG
치기,NNG
유행어,NNG
개그,NNG
셈,NNG
반대편,NNG
실무,NNG
포트폴리오,NNG
톤,NNG
대국민,NNG
캠페인,NNG
애플리케이션,NNG
폄하,NNG
예능,NNG
파스타,NNG
이하,NNG
탕진,NNG
크로크무슈,NNG
모카,NNP
혜인,NNP
.혜,NNG
고의,NNG
케이스,NNG
괴로워,NNP
인프라,NNG
재난,NNG
대대로,MAG
사업가,NNG
갈팡질팡,MAG
경희대,NNP
수도,NNG
서프라이즈,NNP
배터리,NNG
방전,NNG
알바몬,NNP
어플,NNG
심야,NNG
얼음,NNG
명동,NNP
국비,NNG
반반,NNG
철도,NNG
중지,NNG
별문제,NNG
본분,NNG
신장결석,NNP
공통점,NNG
손찌검,NNG
경찰차,NNG
미션,NNG
노고,NNG
경지,NNG
리스트,NNG
황혼,NNG
지난밤,NNG
명작,NNG
근로,NNG
특수,NNG
공신,NNG
근원,NNG
띵,MAG
삼계탕,NNG
난간,NNG
메달,NNG
시골집,NNG
연초,NNG
이백,NR
결재서류,NNG
남이면,NNP
하숙집,NNG
적막,NNG
본격,NNG
우등상,NNG
거듭,MAG
자본,NNG
술값,NNG
치킨집,NNG
독선,NNG
소설가,NNG
집필,NNG
소설,NNG
일주,NNG
크루즈,NNG
닭,NNG
가슴살,NNG
이달,NNG
밤낮없이,MAG
수칙,NNG
일석이조,NNG
이해력,NNG
통계,NNG
기본기,NNG
경위서,NNG
산골,NNG
터널,NNG
굴착,NNG
만화책,NNG
지연,NNG
사정사정,NNG
체결,NNG
증원,NNG
출근길,NNG
분리수거,NNG
근사,NNG
처가랑,NNG
목공,NNG
아주버님,NNG
비명,NNG
바득바득,MAG
비티에스,NNG
과학고,NNG
분장,NNG
현역,NNG
하여간,MAG
영수증,NNG
순수익,NNG
부팅,NNG
에스프레소,NNG
단골손님,NNG
본보기,NNG
놈,NNG
산악회,NNG
투표,NNG
만장일치,NNG
이랑,NNG
불화,NNG
사물,NNG
유혹,NNG
아파서,NNP
처치,NNG
위궤양,NNG
중환자실,NNG
상속,NNG
김치,NNG
겉절이,NNG
홈트,NNG
폐인,NNG
차차,MAG
미정,NNG
반주,NNG
초기에,NNG
그림자,NNG
위기감,NNG
복약,NNG
매각,NNG
매도,NNG
본부장,NNG
본부,NNG
욜,NNG
불룩,MAG
차일피일,MAG
패배감,NNG
배제,NNG
급전,NNG
범주,NNG
접,NNG
보전,NNG
수단,NNG
특허,NNG
삼수,NNG
근검절약,NNG
엉덩이,NNG
중병,NNG
매너리즘,NNG
빡빡,MAG
쇼윈도,NNG
저혈압,NNG
단합,NNG
폐경기,NNG
종잣돈,NNG
숱,NNG
앞니,NNG
척도,NNG
깜빡깜빡,MAG
구십,NR
울화통,NNG
상추,NNG
물기,NNG
싱크대,NNG
설거지통,NNG
탁탁,MAG
근절,NNG
현미,NNG
백미,NNG
식감,NNG
다혈질,NNG
노상,NNG
출구,NNG
목동,NNP
납부,NNG
오른팔,NNG
월경,NNG
성당,NNG
첫걸음,NNG
제어,NNG
거,NP
구독,NNG
퇴화,NNG
가급적,MAG
미숙아,NNG
족,NNG
근막,NNP
일자,NNG
갑상선,NNG
명세서,NNG
미장원,NNG
콩나물,NNG
금고,NNG
남김없이,MAG
화랑,NNG
샌들,NNG
찌뿌둥,NNG
의료,NNG
강하제,NNG
과제물,NNG
왕래,NNG
인적,NNG
소망,NNG
시니어,NNG
이모작,NNG
탐,NNG
상임,NNG
발톱,NNG
무좀,NNG
균,NNG
!체,NNG
고협압,NNG
쓴소리,NNG
미숙,NNG
아무거,NP
안사람,NNG
난소,NNG
단번에,MAG
찬밥,NNG
암흑,NNG
보류,NNG
용어,NNG
명,NNG
사전,NNG
고지,NNG
외부,NNG
가중,NNG
딴소리,NNG
가계부라,NNG
서서,NNP
이타,NNG
입주,NNG
유용,NNG
화만,NNP
북,NNG
우발,NNG
사이비,NNG
거사,NNG
슬리퍼,NNG
천생연분,NNG
그놈,NP
밀라노,NNP
인턴십,NNP
리포트,NNG
현지,NNG
.진,NNG
상종,NNG
앱,NNG
.과외,NNG
운동법,NNG
홈쇼핑,NNG
어항,NNG
빅데이터,NNG
관계없이,MAG
열정,NNG
머리숱,NNG
씨씨,NNG
감시,NNG
보신탕,NNG
교감,NNG
소비자원,NNP
캐드,NNG
도면,NNG
눈초리,NNG
작업복,NNG
동물원,NNG
원숭이,NNG
뉘앙스,NNG
견적서,NNG
종업원,NNG
요금소,NNG
.아,NNG
엠,NNG
아르,NNG
행위,NNG
이외,NNG
수저,NNG
젓가락,NNG
조제,NNG
자진,NNG
요사이,NNG
용인,NNG
.치,NNG
익스트림,NNP
스포츠,NNG
흥분감,NNG
장삿속,NNG
구상,NNG
진취,NNG
직위,NNG
가면,NNG
기여도,NNG
우유부단,NNG
깜박깜박,MAG
그제야,MAG
상사면,NNP
진통제,NNG
여권,NNG
산책길,NNG
중간중간,NNG
발등,NNG
한의원,NNG
단절감,NNG
중역,NNG
이용자,NNG
결단,NNG
밤샘,NNG
약사,NNG
약대,NNG
우르르,MAG
어쩌라고,NNP
쭈글쭈글,MAG
유부녀,NNG
본모습,NNG
편법,NNG
저속,NNG
신물,NNG
버젓이,MAG
명문,NNG
눈병,NNG
찔끔찔끔,MAG
케겔,NNG
블라우스,NNG
러닝머신,NNG
볕,NNG
피임,NNG
사후,NNG
피임약,NNG
첨삭,NNG
.외근,NNG
얼렁뚱땅,MAG
여덟,NR
강경,NNG
소진,NNG
일희일비,NNG
마침내,MAG
학수고대,NNG
심려,NNG
수렴,NNG
실행,NNG
요직,NNG
문란,NNG
아슬아슬,MAG
전무,NNG
내근,NNG
동경심,NNG
기성세대,NNG
실마리,NNG
일어,NNP
사교육비,NNG
한라산,NNP
게을리,MAG
식도암,NNP
부위,NNG
전이,NNG
간접흡연,NNG
수영장,NNG
레인,NNP
무마,NNG
조작,NNG
보호사,NNG
문신,NNG
장악,NNG
부장급,NNG
스카이,NNP
압박감,NNG
이기심,NNG
꾀병,NNG
맹세,NNG
독신,NNG
망치,NNG
이웃사촌,NNG
화장법,NNG
제과,NNG
전국,NNG
외무,NNG
부대찌개,NNG
전생,NNG
다발,NNG
연일,NNG
하한,NNG
쿵쿵,MAG
공대,NNG
이탈리아,NNP
통신비,NNG
회상,NNG
하청,NNG
수건,NNG
제대,NNG
유언비어,NNG
밤잠,NNG
퉁퉁,MAG
야생,NNG
부정부패,NNG
기색,NNG
야단,NNG
자립,NNG
흰머리,NNG
구내,NNG
학교생활,NNG
사물함,NNG
뇌혈관,NNG
동맥류,NNG
크기,NNG
고자,NNG
태부족,NNG
배웅,NNG
쓸데없이,MAG
허물없이,MAG
확연히,MAG
따뜻이,MAG
기어이,MAG
겁쟁이,NNP
맡,NNG
임무,NNG
별말씀,NNG
멋,NNG
포인트,NNG
신통,NNG
점차로,MAG
방면,NNG
쭈뼛,MAG
양극,NNG
재화,NNG
동분서주,NNG
오천,NR
헤르페스,NNG
주주,NNG
증시,NNG
여파,NNG
맥락,NNG
안녕,NNG
이목,NNG
은수저,NNG
공론,NNG
수출,NNG
사인,NNG
유람선,NNG
일생,NNG
스마트폰,NNG
은어,NNG
.여유,NNG
앞일,NNG
이상형,NNG
작당,NNG
꼬리,NNG
지구,NNG
종말,NNG
침입,NNG
열흘,NNG
초저녁,NNG
증권,NNG
착오,NNG
해마다,MAG
절충안,NNG
낭비벽,NNG
주얼리,NNG
머피,NNP
법칙,NNG
입양,NNG
귤,NNG
상자,NNG
관문,NNG
패스트푸드점,NNG
콜라,NNG
머,NP
약혼자,NNG
부글부글,MAG
맞선,NNG
돌봄,NNG
후두,NNG
신경통,NNG
직후,NNG
방광암,NNP
림프,NNG
삼사십,NR
먼지,NNG
인사불성,NNG
텃밭,NNG
윤택,NNG
문상,NNG
계영,NNP
배영,NNG
주자,NNG
평영,NNG
자유형,NNP
당국,NNG
무수,NNG
억압,NNG
.이유,NNG
이견,NNG
숙취,NNG
스마트,NNG
밴드,NNG
임원진,NNG
소모품,NNG
요구서,NNG
조속히,MAG
숨쉬기,NNG
청계천,NNP
산책로,NNG
성취감,NNG
고삼,NNG
모자람,NNG
잡무,NNG
사업장,NNG
원자력,NNG
사수이,NNG
콜,NNG
어머님께,NNP
단풍,NNG
냉전,NNG
가지가지,NNG
띄엄띄엄,MAG
덧없이,MAG
격리,NNG
토요일,NNG
할증,NNG
조제료,NNG
사지,NNG
육십오,NR
운전면허,NNG
왼쪽,NNG
찜질,NNG
무선,NNG
자명종,NNG
악착,NNG
삼백,NR
탑,NNG
엄수,NNG
단정,NNG
일감,NNG
조롱,NNG
몰락,NNG
갑부,NNG
재벌,NNG
만날,MAG
수용,NNG
.팀,NNG
글로벌,NNG
도약,NNG
끼리끼리,MAG
수천만,NR
치장,NNG
잇,NNG
벌금,NNG
각오,NNG
서약서,NNG
법무,NNG
근대,NNG
규약,NNG
순번,NNG
의외,NNG
흔히,MAG
시공사,NNG
뒷돈,NNG
사임,NNG
근거리,NNG
신자,NNG
무종교,NNP
성경,NNG
구절,NNG
건사,NNG
적용,NNG
까딱하면,MAG
오직,MAG
관심거리,NNG
헤어스타일,NNG
에피소드,NNG
설비,NNG
도입,NNG
가전,NNG
알약,NNG
팬티,NNG
잠옷,NNG
정문,NNG
친정어머니,NNG
휴가비,NNG
재채기,NNG
의아,NNG
동의서,NNG
화장대,NNG
최대,NNG
찌개,NNG
부각,NNG
피크,NNG
본의,NNG
장애인,NNG
하루살이,NNG
자매,NNG
신앙,NNG
제목,NNG
코웃음,NNG
쓰레기봉투,NNG
오백만,NR
장본인,NNG
나날이,MAG
곰팡이,NNG
껍데기,NNG
질질,MAG
진저리,NNG
근성,NNG
도돌이표,NNP
로맨틱,NNG
동유럽,NNP
특채,NNG
인간미,NNG
무기,NNG
밸런스,NNG
일본,NNP
컨트롤,NNG
사가,NNG
상실,NNG
블루,NNG
여우,NNG
직할,NNG
무언,NNG
친구분,NNG
통제,NNG
봉양,NNG
양호,NNG
선택지,NNG
충분,NNG
깜빡이,NNG
차량,NNG
소나타,NNP
그랜저,NNG
동이,NNG
영식이,NNP
티격태격,MAG
어깨도,NNG
.대외,NNG
국회의원,NNG
포르쉐,NNP
관찰,NNG
양처,NNG
피디,NNG
봉지,NNG
메인,NNG
경비원,NNG
메이트,NNG
악수,NNG
가점,NNG
존댓말,NNG
구단,NNG
방출,NNG
이적,NNG
러브콜,NNP
일장기,NNG
표지,NNG
커피믹스,NNG
의뢰,NNG
예술가,NNG
밥집,NNG
제작,NNG
초임,NNG
사천,NR
미스터리,NNG
여념,NNG
하버드,NNP
콤플렉스,NNG
분가,NNG
반추,NNG
중대,NNG
손해배상,NNP
식비,NNG
셋째,NNG
밥값,NNG
그전,NNG
자기소개,NNG
황무지,NNG
인형,NNG
통역사,NNG
어학연수,NNG
말레이시아,NNP
패스,NNG
위신,NNG
왜곡,NNG
약혼,NNG
파토,NNG
부질,NNG
멱살,NNG
블라인드,NNG
바꿔치기,NNG
음주운전,NNP
업로드,NNG
어휘,NNG
구매자,NNG
굼벵이,NNG
침범,NNG
여한,NNG
국정,NNG
애원,NNG
연령,NNG
오래도록,MAG
한나절,NNG
독수공방,NNG
커플링,NNG
내민,NNP
버르장머리,NNG
외할머니,NNG
동양인,NNG
외향,NNG
잠재,NNG
범죄자,NNG
실력자,NNG
공동체,NNG
군중,NNG
장부,NNG
완벽주의,NNP
결판,NNG
홍역,NNG
도구,NNG
불과,MAG
종강,NNG
생활관,NNG
어림,NNG
시시티브이,NNP
학식,NNG
구설수,NNG
감흥,NNG
세팅,NNG
휴지,NNG
수락,NNG
노이로제,NNG
낙동강,NNP
오리,NNG
알,NNG
팍팍,MAG
회독,NNG
훼방,NNG
울화,NNG
직함,NNG
주일,NNG
타깃,NNG
미모,NNG
어몽 어스,NNP
범,NNG
대졸자,NNG
괴리감,NNG
설렁설렁,MAG
취합,NNG
나랏돈,NNG
변심,NNG
성심,NNG
성의껏,MAG
쫄쫄,MAG
불쌍히,MAG
단벌,NNG
신사,NNG
중고,NNG
대여,NNG
겁나,MAG
레벨,NNG
달걀말이,NNG
쌤,NNG
에세이,NNG
왜냐하면,MAG
카카오,NNG
뒷일,NNG
착취,NNG
합세,NNG
반에,NNP
교장,NNG
덕목,NNG
찌질,NNG
수긍,NNG
복싱,NNG
지문,NNG
깡,NNG
구글,NNP
사고뭉치,NNG
끝내기,NNG
턱,MAG
캡처,NNG
배낭,NNG
동심,NNG
동산,NNG
시상식,NNG
사연,NNG
걸,NNG
팝송,NNG
상투,NNG
정규,NNG
발걸음,NNG
전개,NNG
직성,NNG
새것,NNG
경멸,NNG
성전환,NNG
소파,NNG
스테이크,NNG
어째서,MAG
최초,NNG
아이디,NNG
추적,NNG
추모,NNG
솔선수범,NNG
가보,NNG
병자,NNG
국가인권위원회,NNP
종이,NNG
출입문,NNG
긴급회의,NNG
향후,NNG
라인,NNG
인공지능,NNP
데이터,NNG
규정,NNG
신생,NNG
우연,NNG
본때,NNG
진보,NNG
소수자,NNG
힘든,NNG
성소수자,NNP
외양,NNG
성전환자,NNG
중세,NNG
탈자,NNG
근,NNG
제압,NNG
논리,NNG
일전,NNG
마저,MAG
요일,NNG
도련님,NNG
밑거름,NNG
두뇌,NNG
시상,NNG
감기약,NNG
증오감,NNG
모욕감,NNG
추세,NNG
몸집,NNG
환경미화원,NNG
실화,NNG
베프,NNG
사투리,NNG
표준어,NNG
생각해보면,NNP
드문,NNG
무심코,MAG
원한,NNG
노선,NNG
야자,NNG
골머리,NNG
방탄소년단,NNP
열중,NNG
.주기,NNG
해설,NNG
영문학과,NNG
끈,NNG
골탕,NNG
낙서,NNG
먹잇감,NNG
놀림감,NNG
마술,NNG
등하굣,NNG
오답,NNG
피부색,NNG
다문화,NNG
서투,NNP
애기,NNG
바비큐,NNG
외할아버지,NNG
구워,NNG
임기,NNG
기세,NNG
엔지니어,NNG
친숙,NNG
자막,NNG
칠판,NNG
화들짝,MAG
벼락치기,NNG
요점,NNG
유분수,NNG
파견,NNG
숫기,NNG
부지런,NNG
판촉,NNG
차출,NNG
전단지,NNG
배포,NNG
.대리,NNG
거액,NNG
미역국,NNG
분통,NNG
아동,NNG
내연녀,NNG
난동,NNG
엉망진창,NNG
보관,NNG
프로필,NNG
합의점,NNG
노트나,NNP
.흉터,NNG
교양,NNG
환,NNG
저녁상,NNG
입증,NNG
소동,NNG
실내화,NNG
졸업자,NNG
한정,NNG
오토바이,NNG
변형,NNG
학습법,NNG
통신문,NNG
불량,NNG
하굣길,NNG
퀵서비스,NNG
협의,NNG
신분,NNG
상대자,NNG
사랑은,NNP
부가,NNG
선사,NNG
민아,NNP
현서,NNP
단둘,NNG
역동,NNG
암기,NNG
암산,NNG
과감히,MAG
한자,NNG
공책,NNG
이어서,MAG
시야,NNG
멘트,NNG
도장,NNG
자연히,MAG
적격,NNG
무난히,MAG
동조,NNG
브로커,NNG
링거,NNG
멈칫,MAG
고양이,NNG
속셈,NNG
임시방편,NNG
유괴,NNG
뚝뚝,MAG
진리,NNG
행복이,NNP
추상,NNG
해녀,NNG
승마,NNG
붙임성,NNG
열기,NNG
개방,NNG
소유물,NNG
바람둥이,NNG
핵,NNG
멸망,NNG
엉엉,MAG
표기,NNG
양성애자,NNG
동성연애,NNG
별개,NNG
앨범,NNG
병상,NNG
빗소리,NNG
주름살,NNG
부디,MAG
선남선녀,NNG
내숭,NNG
유익,NNG
자장면,NNG
초창기,NNG
운동복,NNG
소방관,NNG
트렌스젠더라서,NNG
편협,NNG
성비,NNG
행정,NNG
속죄,NNG
끙끙,MAG
강구,NNG
슈퍼,NNG
압정,NNG
액정,NNG
싸가지,NNG
내향,NNG
공허,NNG
인과,NNG
사각지대,NNG
중독자,NNG
착잡,NNG
게으름,NNG
면모,NNG
피포,NNG
페인팅,NNG
소꿉친구,NNP
맹렬히,MAG
지국,NNG
불철주야,NNG
친자,NNG
깨,NNG
주먹다짐,NNG
.해고,NNG
내,NNG
아로마,NNG
오일,NNG
뜨개,NNG
목도리,NNG
가르침,NNG
복직,NNG
호주,NNP
일률,NNG
호프,NNG
등장,NNG
군고구마,NNG
성폭행,NNG
그닥,MAG
공사장,NNG
트랜디,NNP
증명사진,NNG
찬스,NNG
남아,NNG
그릇,NNG
만만히,MAG
조수석,NNG
획득,NNG
난생,MAG
호주머니,NNG
옥탑방,NNG
라벤더,NNP
티백,NNP
성적순,NNG
됨됨이,NNG
저금통,NNG
억장,NNG
글쎼,NNG
체험학습,NNP
목구멍,NNG
수선,NNG
오리털,NNG
파카,NNG
중학생,NNG
안치,NNG
희귀병,NNG
순,NNG
내쫒았어,NNG
팍,MAG
스페인어,NNP
족발,NNG
쇼핑몰,NNG
피팅,NNG
작작,MAG
심취,NNG
태그,NNG
입양아,NNG
그저께,NNG
군부대,NNG
자초지종,NNG
부산,NNP
유서,NNG
개판,NNG
막차,NNG
수정본,NNG
감감무소식,NNG
안절부절,MAG
천벌,NNG
야,NNG
불쑥불쑥,MAG
민수,NNG
짱,MAG
미나,NNP
여진,NNG
훈계,NNG
벌칙,NNG
엉겁결에,MAG
별수,NNG
얼릉,MAG
함정,NNG
서술,NNG
부응,NNG
한국사,NNG
수강,NNG
엄살,NNG
삿대,NNG
좌석,NNG
시트,NNG
수리비,NNG
신부전,NNP
급히,MAG
아들놈,NNG
상주,NNP
약재,NNG
즉석식품,NNG
소비자,NNG
신뢰도,NNG
시끌시끌,MAG
근심,NNG
메모장,NNP
예보,NNG
설치,NNG
택시비,NNG
콜택시,NNG
노동자,NNG
전세금,NNG
약국,NNG
주거,NNG
.주거,NNG
차츰차츰,MAG
.학폭,NNG
자백,NNG
수술실,NNG
점포,NNG
사채,NNG
내지,MAG
삭신,NNG
사돈,NNG
피규어,NNG
요만큼,NNG
댓,NR
만수무강,NNG
발작,NNG
행인,NNG
말동무,NNG
고역,NNG
빼곡히,MAG
포스터,NNG
.혼,NNG
의탁,NNG
장수,NNG
가물가물,MAG
진액,NNG
중식,NNG
정거장,NNG
잔디밭,NNG
술잔,NNG
발리,NNP
자처,NNG
어김없이,MAG
아우성,NNG
막내딸,NNG
유기농,NNG
자해,NNG
망언,NNG
쫄딱,MAG
군것질,NNG
계주,NNG
독지가,NNG
방사선,NNG
기부,NNG
신진대사,NNG
구급차,NNG
단축,NNG
은행원,NNG
공익,NNG
모르는 번호,NNP
실종,NNG
도난,NNG
일억,NR
사기꾼,NNG
금산사,NNP
기름,NNG
동서,NNG
서방,NNG
꿀꺽,MAG
박탈,NNG
간경변증,NNG
흉내,NNG
씨씨티비,NNG
약자,NNG
합의금,NNG
사복,NNG
재판,NNG
힐링,NNG
유무,NNG
상관관계,NNG
흠,NNG
비웃,NNG
제재,NNG
이불,NNG
우회,NNG
작물,NNG
수확,NNG
모델,NNG
용법,NNG
종친회,NNG
딸애,NNG
연희,NNP
힐난,NNG
마실,NNG
테니,NNG
항해,NNG
체구,NNG
외상,NNG
파,NNG
술집,NNG
겁박,NNG
비자금,NNG
속보,NNG
방광염,NNG
꼬마,NNG
발급,NNG
강원랜드,NNP
철썩,MAG
학폭위,NNG
강박,NNG
가루,NNG
소위,MAG
짝퉁,NNG
수막염,NNG
화나,NNG
치주염,NNP
수급자,NNG
편리,NNG
노망,NNG
황,NNP
병세,NNG
무력,NNG
임종,NNG
영순,NNP
명함,NNG
기술직,NNG
차츰,MAG
대리점,NNG
탕수육,NNG
.보답,NNG
언질,NNG
뜸,NNG
동원,NNG
저명,NNG
휴진,NNG
엠알아이,NNG
천금,NNG
목욕,NNG
요소,NNG
인수,NNG
리더,NNG
유명세,NNG
간부진,NNG
투고,NNG
반쯤,NNG
연쇄,NNG
살인범,NNG
밸런타인데이,NNG
근속,NNG
투자금,NNG
시세,NNG
음,NNG
옷가지,NNG
기어코,MAG
유난,NNG
배척,NNG
두피,NNG
염색,NNG
스크린,NNG
골프장,NNG
계란,NNG
불쾌감,NNG
살살,MAG
액세서리,NNG
팔찌,NNG
지나,NNP
애견,NNG
걸핏하면,MAG
회유,NNG
태동,NNG
꼿꼿이,MAG
단정히,MAG
죄인,NNG
선글라스,NNG
보일러,NNG
인사차,NNG
혈연,NNG
번창,NNG
예순,NR
턱뼈,NNG
돌팔이,NNG
고래고래,MAG
통쾌,NNG
추행,NNG
근거,NNG
망설임,NNG
탱탱,MAG
뱅킹,NNG
이체,NNG
수백만,NR
순식,NNG
헤어,NNG
랑,NNP
배은망덕,NNG
호칭,NNG
의향,NNG
세뱃돈,NNG
밭일,NNG
열사,NNG
얌체,NNG
가습기,NNG
멱살잡이,NNG
통닭,NNG
패키지,NNG
파리,NNG
벽지,NNG
공백기,NNG
구제,NNG
프랑스,NNP
피땀,NNG
가만,MAG
작은형,NNG
잉어,NNG
즙,NNG
비뇨기과,NNP
요약,NNG
프로게이머,NNP
콩,NNG
검정콩,NNG
의식주,NNG
충족,NNG
썰매,NNG
기증자,NNG
기증,NNG
사골,NNG
도라지,NNG
멸시,NNG
수의사,NNG
덤벙,NNG
나비,NNG
살충제,NNG
처남,NNG
말벌,NNG
해충,NNG
등산복,NNG
장비,NNG
계모임,NNG
도모,NNG
체면,NNG
.카드,NNG
불량자,NNG
파마,NNG
양복,NNG
짝짝이,NNG
밥풀,NNG
우유,NNG
줄넘기,NNG
가격표,NNG
웃옷,NNG
거꾸로,MAG
후드티,NNG
경연,NNG
만일,NNG
신이,NNG
이놈,NP
휠체어,NNG
회관,NNG
인스턴트,NNG
업보,NNG
췌장암,NNG
인상착의,NNG
약통,NNG
신부전증,NNG
좌불안석,NNG
재개,NNG
적립식,NNG
일흔,NR
동해안,NNG
중점,NNG
신속히,MAG
락,NNG
합류,NNG
난방,NNG
과오,NNG
실버타운,NNG
부패,NNG
특기,NNG
메모지,NNG
기지개,NNG
빵점,NNG
절하,NNG
플래너,NNG
입학처,NNG
신신당부,NNG
피라미드,NNG
형용,NNG
길길이,MAG
오버,NNG
우스갯소리,NNG
카운터,NNG
컴,NNG
플레인,NNG
클래스,NNG
장사치,NNG
쯤,NNG
심의,NNG
재심,NNG
보증금,NNG
서랍,NNG
자물쇠,NNG
보양식,NNG
할멈,NNG
공략,NNG
최선책,NNG
박카스,NNG
시끌벅적,MAG
조의금,NNG
왕년,NNG
고군분투,NNG
세대교체,NNG
일터,NNG
독립심,NNG
껌,NNG
사무,NNG
강박감,NNG
청렴,NNG
처세술,NNG
펀치,NNG
진술,NNG
완수,NNG
치료사,NNG
씨,NNG
낙인,NNG
실무진,NNG
온돌,NNG
달팽이관,NNP
사체,NNG
별식,NNG
메뚜기,NNG
비주얼,NNG
변태,NNG
단편,NNG
역지사지,NNG
프린트,NNG
용지,NNG
유언,NNG
응어리,NNG
틀림없이,MAG
유감,NNG
수업료,NNG
체육복,NNG
저놈,NP
에스컬레이터,NNG
전철역,NNG
문제없이,MAG
조상,NNG
중풍,NNG
결항,NNG
대부업체,NNG
매물,NNG
육신,NNG
노름판,NNG
선도,NNG
쓸대,NNG
팔씨름,NNG
신축,NNG
접종,NNG
에이에스,NNG
면회실,NNG
소견서,NNG
보자기,NNG
단골집,NNG
주인아저씨,NNG
생선,NNG
삐뚤빼뚤,NNG
환영,NNG
통원,NNG
누룽지,NNG
사탕,NNG
꽃향기,NNG
뇌졸중,NNG
기기,NNG
치질,NNG
기저귀,NNG
자국,NNG
검증,NNG
민간요법,NNG
수술대,NNG
접대,NNG
총괄,NNG
기수,NNG
질타,NNG
.사유,NNG
사무소,NNG
고용부,NNG
창작,NNG
트렌드,NNG
이해도,NNG
유기,NNG
견,NNG
듣기,NNG
리,NNG
잡채,NNG
겹경사,NNG
밑반찬,NNG
송년회,NNG
주간,NNG
느닷없이,MAG
카페인,NNG
국립,NNG
동사무소,NNG
행색,NNG
본체만체,MAG
사경,NNG
운동량,NNG
생황,NNG
시신,NNG
고물,NNG
일부분,NNG
큰형,NNG
청구서,NNG
여든,NR
욕실,NNG
간경화,NNG
돋보기,NNG
안경,NNG
영정,NNG
티끌,NNG
싸구려,NNG
양옆,NNG
정신병원,NNG
여,NNG
별명,NNG
잡초,NNG
말끔히,MAG
출금,NNG
편의,NNG
가정불화,NNG
유산균,NNG
리더십,NNG
천구백,NR
세기,NNG
진탕,MAG
판사,NNG
핵가족,NNG
효심,NNG
전등,NNG
기여,NNG
회생,NNG
급증,NNG
보조금,NNG
편도,NNG
홍,NNP
머릿결,NNG
기품,NNG
전기,NNG
가축,NNG
중개인,NNG
허드렛일,NNG
돈벌이,NNG
구애,NNG
파전,NNG
막걸리,NNG
머리띠,NNG
상책,NNG
다수결,NNG
해변,NNG
국토,NNG
장정,NNG
축구회,NNG
펜션,NNG
폐에,NNP
빗길,NNG
양로원,NNG
실실,MAG
부아,NNG
파탄자,NNG
연락망,NNG
심기,NNG
호흡,NNG
보필,NNG
곳곳,NNG
소지품,NNG
환원,NNG
주사기,NNG
조각,NNG
멍청이,NNG
재단,NNG
급식소,NNG
적십자,NNP
가스,NNG
엄습,NNG
파선,NNG
일대,NNG
쉬,NNG
고사리,NNG
베이비,NNP
창출,NNG
양심껏,MAG
미세먼지,NNP
바둑,NNG
녹즙,NNG
아,MAG
말끝,NNG
책장,NNG
만류,NNG
매형,NNG
초기라서,NNG
실패자,NNG
캐나다,NNP
원자재,NNG
간부,NNG
일반인,NNG
조곤조곤,MAG
심혈,NNG
신변,NNG
설날,NNG
널리,MAG
검정,NNG
애연가,NNG
나트륨,NNG
향신료,NNG
모금,NNG
구두쇠,NNG
명복,NNG
예배,NNG
계서,NNG
졸,NNG
통탄,NNG
보모,NNG
숙식,NNG
암울,NNG
신문지,NNG
식물,NNG
고추,NNG
온대,NNG
삼만,NR
.처,NNG
우애,NNG
압수,NNG
소설책,NNG
흉측,NNG
섭리,NNG
새치,NNG
강산,NNG
지분,NNG
대타,NNG
폐결핵,NNG
온천,NNG
야만,NNG
치명,NNG
태연,NNG
초심,NNG
완료,NNG
만병통치약,NNG
수건이,NNP
스티커,NNG
환부,NNG
초초,NNG
내원,NNG
철회,NNG
저울,NNG
윤리관,NNG
환수,NNG
생리대,NNG
곧잘,MAG
자각,NNG
즉,MAG
.폐,NNG
진즉,MAG
후두염,NNG
용접,NNG
문득문득,MAG
친선,NNG
가해,NNG
절절,MAG
직속상관,NNG
동요,NNG
작업자,NNG
차후,NNG
동선,NNG
독촉장,NNG
독거,NNG
농촌,NNG
영란,NNP
첫사랑,NNG
단칼,NNG
안식,NNG
백종원,NNP
레시피,NNG
결합,NNG
얼떨결,NNG
조성,NNG
근방,NNG
슬며시,MAG
비행,NNG
지양,NNG
위급,NNG
몰골,NNG
우물가,NNG
투자처,NNG
포착,NNG
영웅,NNG
입수,NNG
철인,NNG
천둥,NNG
진즉에,NNG
절제술,NNG
버팀목,NNG
말년,NNG
밥상머리,NNG
밥상,NNG
컴퓨터활용능력,NNP
재해,NNG
연합,NNG
한눈,NNG
당황스랍지만,NNG
동감,NNG
당부,NNG
햄버거,NNG
무인,NNG
계산대,NNG
화재,NNG
아비규환,NNG
관건,NNG
견제,NNG
선상,NNG
정신력,NNG
무장,NNG
일제히,MAG
품질,NNG
친가,NNG
도로변,NNG
담배꽁초,NNG
쫒아,NNG
칠십팔,NR
세세히,MAG
경비실,NNG
몸싸움,NNG
평탄,NNG
영순이,NNP
치료제,NNG
템플스테이,NNG
나태,NNG
폭풍우,NNG
오징어,NNG
라,NNG
사내정치,NNP
단독,NNG
기원,NNG
무당,NNG
녹차,NNG
찬,NNP
소머리,NNG
국밥,NNG
등록비,NNG
다년간,NNG
유머러스,NNG
사석,NNG
도덕,NNG
은퇴자,NNG
임,NNP
수치심,NNG
홍조,NNG
체온,NNG
빅,NNG
짐짝,NNG
승객,NNG
영업직,NNG
만삭,NNG
초음파,NNG
제왕절개,NNG
응급조치,NNG
벌컥,MAG
한의사,NNG
양의,NNG
처방전,NNG
수전,NNG
예후,NNG
태평,NNG
입막음,NNG
염치,NNG
.망,NNG
수법,NNG
충치,NNG
담합,NNG
사후세계,NNP
불효,NNG
그지,NNG
유언장,NNG
한자리,NNG
사진관,NNG
햇살,NNG
요리법,NNG
황사,NNG
장님,NNG
.도어락,NNG
방범,NNG
세끼,NNG
환호성,NNG
올림픽,NNG
아웅다웅,MAG
공용,NNG
문단속,NNG
오렌지,NNG
포도,NNG
저리,MAG
혈기,NNG
왕성,NNG
이리저리,MAG
에이포,NNG
페이스,NNG
삐걱,MAG
위장병,NNG
갈구,NNG
워킹맘,NNP
.더,NNG
주소,NNG
참고서,NNG
초행길,NNG
헤드셋,NNG
.기회,NNG
나들이,NNG
못다,MAG
물주,NNG
보신,NNG
.옆,NNG
씨름,NNG
양원,NNG
피스,NNG
병수,NNP
호스피스,NNG
위임,NNG
바퀴벌레,NNG
주삿바늘,NNG
핏줄,NNG
급선무,NNG
입지,NNG
부조,NNG
남일,NNP
반신불수,NNG
예지,NNP
몽,NNP
동정,NNG
임상,NNG
뺑소니,NNG
패혈증,NNG
횟집,NNG
녹용,NNG
냉동실,NNG
.누,NNG
누님,NNG
씨이오,NNG
진담,NNG
부침개,NNG
동전,NNG
깡통,NNG
끈기,NNG
지탱,NNG
구비,NNG
트로트,NNG
귀티,NNG
긴팔,NNG
망,NNG
고시원,NNG
쪽방,NNG
소방서,NNG
실명,NNG
기립,NNG
뇌종양,NNG
사병,NNG
패물,NNG
금지법,NNG
알거지,NNG
납입,NNG
허,NNP
세계일주,NNP
뽀삐,NNG
쌍방,NNG
외과,NNG
유통기한,NNP
배상,NNG
나폴레옹,NNP
블랙박스,NNG
고령자,NNG
통지서,NNG
쌩쌩,MAG
경찰청,NNG
안경점,NNG
콩알,NNG
마을버스,NNG
덤,NNG
며느릿,NNG
영양사,NNG
접속,NNG
즉각,NNG
가정사,NNG
똑똑히,MAG
명백히,MAG
소관,NNG
관리법,NNG
사기꾼들,NNP
정의,NNG
개개인,NNG
담장,NNG
인중,NNG
공휴일,NNG
자랑거리,NNG
독자,NNG
살아갸아,NNG
낙상,NNG
바이올린,NNG
퀴즈,NNG
살뜰히,MAG
숍,NNG
허겁지겁,MAG
출처,NNG
시경,NNG
대피,NNG
떼우,NNG
잡,NNG
말수,NNG
개인기,NNG
정정,NNG
귀신,NNG
운세,NNG
살림살이,NNG
선천,NNG
하직,NNG
시간대,NNG
입조,NNG
구강,NNG
유지비,NNG
.규제,NNG
붐,NNG
덕담,NNG
건수,NNG
불참,NNG
모발,NNG
금슬,NNG
국영수,NNG
국립대,NNG
일반고,NNG
특목고,NNG
독사,NNG
독일,NNP
광부,NNG
체크카드,NNP
미영,NNP
이주,NNG
된통,MAG
아비,NNG
법석,NNG
킥,MAG
보드,NNG
계모,NNG
미용사,NNG
개업,NNG
경사,NNG
학예회,NNG
대략,NNG
자판기,NNG
행복감,NNG
아가,NNG
와인,NNG
딱지,NNG
편백,NNP
숲,NNG
차로,NNG
나란히,MAG
콩고물,NNG
결벽증,NNG
몸가짐,NNG
어쨌거나,MAG
손익,NNG
워킹,NNG
졸지,NNG
염소,NNG
여사,NNG
동동,MAG
되아,NNG
애완동물,NNG
후원금,NNG
회서,NNG
재건,NNG
모르쇠,NNG
갈취,NNG
억지,NNG
뒷정리,NNG
말문,NNG
야구팀,NNG
분류,NNG
대졸,NNG
술상,NNG
초코,NNG
고용인,NNG
이층집,NNG
줌,NNG
흙,NNG
지난날,NNG
이치,NNG
부재,NNG
공포감,NNG
.대회,NNG
하룻밤,NNG
황망,NNG
안락사,NNG
허용,NNG
극진히,MAG
뜬눈,NNG
삐쩍,MAG
걸음마,NNG
홀로서기,NNG
기밀문서,NNG
특산품,NNG
접목,NNG
흡족,NNG
중이염,NNG
황급히,MAG
투성,NNG
창의,NNG
전쟁터,NNG
체득,NNG
움직임,NNG
양파,NNG
재치,NNG
식탁,NNG
계획표,NNG
발육,NNG
땅콩,NNG
.을,NNG
푸념,NNG
간다,NNP
승차,NNG
외려,MAG
수속,NNG
무덤,NNG
유품,NNG
감내,NNG
묘지,NNG
노름,NNG
듬뿍,MAG
분산,NNG
서포터,NNG
상품권,NNG
상호,NNG
극대,NNG
상하,NNG
공백,NNG
공부하겠답시고,NNG
몸보신,NNG
와전,NNG
동네잔치,NNG
무력감,NNG
하나쯤,NNG
내역서,NNG
폭삭,MAG
간호인,NNG
.유튜버,NNG
후보,NNG
출마,NNG
주정,NNG
발판,NNG
노동력,NNG
호락호락,MAG
빚더미,NNG
작동,NNG
동네방네,NNG
경악,NNG
여차하면,MAG
본래,NNG
으름장,NNG
가스레인지,NNG
허벅지,NNG
파킨슨병,NNG
장마철,NNG
사랑해,NNP
하혈,NNG
웅,NNP
주책,NNG
욕조,NNG
드림카,NNG
상비약,NNG
지린내,NNG
탈모인,NNG
안정제,NNG
정신병,NNG
독극물,NNG
비축,NNG
구월,NNG
체육학과,NNG
통째,NNG
판매자,NNG
갑상선암,NNP
석류,NNG
벤치,NNG
정화,NNG
업자,NNG
식물인간,NNG
환기,NNG
매,NNG
호명,NNG
싹싹,MAG
머저리,NNG
무지개,NNG
눈웃음,NNG
아부의 왕,NNP
.나태,NNG
서면,NNG
과묵,NNG
한량,NNG
돈벼락,NNG
사시사철,NNG
탕,NNG
위반,NNG
중장년,NNG
단돈,NNG
장대,NNG
리어카,NNG
비닐,NNG
우비,NNG
식충,NNG
누워,NNG
불장난,NNG
인화,NNG
우회전,NNG
.냉,NNG
농구부,NNG
커트,NNG
레고,NNG
이마,NNG
항암제,NNG
오순도순,MAG
모기지,NNG
자장,NNG
명수,NNG
미필,NNG
필,NNG
차곡차곡,MAG
과신,NNG
눈곱,NNG
유골,NNG
소실,NNG
눈살,NNG
지네,NNG
차기,NNG
조문객,NNG
요구르트,NNG
벌렁벌렁,MAG
효,NNP
좌지우지,NNG
영숙,NNP
초점,NNG
기록부,NNG
악연,NNG
한글,NNG
줏대,NNG
구내식당,NNG
특징,NNG
수족관,NNG
이탈,NNG
클래식,NNG
형사,NNG
발버둥,NNG
악질,NNG
가정부,NNG
묵묵부답,NNG
금단,NNP
시동,NNG
추이,NNG
베갯잇,NNG
따로따로,MAG
페이퍼,NNG
반칙,NNG
유투버가,NNG
웬일,NNG
국민연금공단,NNP
벌서,MAG
신식,NNG
맹장,NNG
폐랑,NNG
레슨,NNG
게,NNG
일교차,NNG
목발,NNG
덤벙대서,NNG
도가니탕,NNG
투약,NNG
임상시험,NNP
퇴원비,NNG
씨아이,NNG
농기계,NNG
정수기,NNG
.금주,NNG
효능,NNG
민간,NNG
단종,NNG
유사,NNG
민지,NNP
일인,NNG
눈덩이,NNG
봉변,NNG
파출소,NNG
볼거리,NNG
.초기,NNG
하염없이,MAG
.피붙,NNG
남몰래,MAG
역효과,NNG
신음,NNG
솔루션,NNG
돌머리,NNG
태생,NNG
기법,NNG
위계질서,NNG
격차,NNG
옹알이,NNG
동화책,NNG
만년필,NNG
배역,NNG
.외도,NNG
.외,NNG
래,NNG
펜,NNG
암세포,NNG
반문,NNG
그러니,MAG
브런치,NNP
막심,NNG
숙면,NNG
취침,NNG
감정싸움,NNG
.부서,NNG
다재,NNG
독려,NNG
.끼니,NNG
희로애락,NNG
신문고,NNG
자율학습,NNP
바이크,NNG
정성스레,MAG
자택,NNG
일보,NNG
철학,NNG
지주,NNG
목장,NNG
과유,NNP
졸리,NNP
경,NNG
악행,NNG
순기능,NNG
노숙자,NNG
청포도,NNG
강,NNP
흡연실,NNP
자원봉사자,NNG
청결,NNG
훈련소,NNG
유행병,NNG
.폐지,NNG
스킨쉽,NNG
소매치기,NNG
설문지,NNG
젖병,NNG
소독,NNG
들들,MAG
풍선,NNG
저당,NNG
스케일링,NNG
첨가,NNG
수면제,NNG
약초,NNG
휘트니스,NNG
라식,NNG
붕대,NNG
서포트,NNG
차근차근히,MAG
윤,NNP
위조품,NNP
진품,NNG
포옹,NNG
불문,NNG
유가족,NNG
불의,NNG
고소하기,NNP
미우,NNP
번뜩,MAG
개봉,NNG
.대작,NNG
합,NNG
사류,NNG
다행이,MAG
.따,NNG
학우,NNG
불길,NNG
외침,NNG
피폐,NNG
대원,NNG
발끝,NNG
참석자,NNG
발라드,NNG
돼지우리,NNG
보기,NNG
배설물,NNG
전임자,NNG
.시,NNG
지망,NNG
타협,NNG
.학폭위,NNG
말귀,NNG
노발대발,NNG
가마니,NNG
방긋,MAG
두둑이,MAG
사용료,NNG
치매가,NNG
공연,NNG
.치주,NNG
국사,NNG
영역,NNG
스토리,NNG
다큐,NNG
구조조정,NNP
병력,NNG
연세대학,NNP
습득,NNG
이론,NNG
결함,NNG
인감,NNG
예절,NNG
곧장,MAG
설립,NNG
팔순,NNG
치매에,NNG
고스톱,NNG
영민,NNP
친형,NNG
저가,NNG
불구,NNG
김치볶음밥,NNP
하트,NNG
병환,NNG
궤양,NNG
관여,NNG
결핍,NNG
기절,NNG
일촉즉발,NNG
풍년,NNG
수확량,NNG
소아마비,NNG
쩔뚝,NNG
니,NP
마크,NNG
차림,NNG
저염,NNG
캠퍼스,NNG
해산물,NNG
단호히,MAG
화끈,MAG
익사,NNG
시인,NNG
페스티벌,NNG
대서,NNG
경영인,NNG
복사기,NNG
사도,NNG
너그러이,MAG
돌라,NNP
그마져,NNP
사업부,NNG
초록색,NNG
티셔츠,NNG
목적지,NNG
배알,NNG
청소부,NNG
일조,NNG
유흥,NNG
주점,NNG
필사,NNG
불사,NNG
검수,NNG
신대리,NNP
북한산,NNP
타면,NNG
신세타령,NNG
기둥,NNG
숙이,NNP
잎,NNG
선포,NNG
평수,NNG
바보짓,NNG
지배,NNG
설문,NNG
외상값,NNG
무임승차,NNG
방정,NNG
전조,NNG
코빼기,NNG
줄곧,MAG
여행가,NNG
모든,MAG
세가,NNG
관리비,NNG
성능,NNG
고문,NNG
유진이,NNP
산재,NNG
불결,NNG
주차,NNG
푯말,NNG
상세히,MAG
맞장구,NNG
착,MAG
일수,NNG
원무,NNG
곧이곧대로,MAG
색상,NNG
쾌유,NNG
남자애,NNG
유리창,NNG
심각성,NNG
잔뇨감,NNG
내막,NNG
가공식품,NNG
문전,NNG
박대,NNG
둔갑,NNG
계산기,NNG
미비,NNG
당분,NNG
윤리,NNG
.유,NNG
수감,NNG
조교,NNG
비보,NNG
통학,NNG
남발,NNG
스페셜리스트,NNP
제각각,NNG
후일,NNG
폭풍,NNG
면식,NNG
스토킹,NNG
하기야,MAG
쉽사리,MAG
지퍼,NNG
기만,NNG
삭,MAG
임시,NNG
고정비,NNG
보강,NNG
컵라면,NNG
알몸,NNG
안간힘,NNG
상사라,NNG
운동가,NNG
풀풀,MAG
가족회,NNG
경시대회,NNG
화이트데이,NNG
.무리,NNG
삐그덕,MAG
.어,NNG
경영학과,NNG
두루뭉술,NNG
주번,NNG
대본,NNG
이야깃거리,NNG
은둔,NNG
용무,NNG
애비,NNG
오지,NNG
복사,NNG
대성,NNP
통곡,NNG
생활고,NNG
허풍,NNG
상담실,NNG
원본,NNG
기입,NNG
흔들,MAG
김태희,NNP
전지현,NNP
오뚝,MAG
트와이스,NNP
나연,NNP
영지,NNP
상철,NNP
최우수상,NNG
우상,NNG
체,NNG
체대,NNG
현성,NNP
후후,MAG
격주,NNG
중소,NNG
어린이날,NNG
자사고,NNG
소속사,NNG
위계,NNG
질서,NNG
담,NNG
보육원,NNG
회초리,NNG
운전대,NNG
여름옷,NNG
겹겹이,MAG
액자,NNG
큰,NNP
인파,NNG
파도,NNG
반딧불이,NNG
수집,NNG
꼬깃꼬깃,MAG
티타임,NNG
산들바람,NNG
코코아,NNG
음미,NNG
터치,NNG
요플레,NNG
감독관,NNG
관객,NNG
예시,NNG
교습,NNG
빈칸,NNG
토론,NNG
사범대,NNG
두루,MAG
요강,NNG
비중,NNG
야구부,NNG
실용음악,NNP
성대결절,NNP
볼펜,NNG
화이트,NNG
잉크,NNG
자루,NNG
폰,NNG
꿈속,NNG
번번히,MAG
롯데월드,NNP
복기,NNG
월등,MAG
냄비,NNG
립스틱,NNG
파운데이션,NNG
빈부,NNG
도우,NNG
철없이,MAG
기역,NNG
지끈지끈,MAG
지렁이,NNG
거미,NNG
흐지부지,MAG
이상향,NNG
다방면,NNG
아나운서,NNG
고아원,NNG
스키장,NNG
출품,NNG
굿즈샵,NNP
굿즈,NNG
!굿즈,NNG
넥타이,NNG
닥달,NNG
윽박,NNG
인문,NNG
반의,NNG
경쟁심,NNG
다니,NNP
해체,NNG
어영부영,MAG
양아치,NNG
귀마개,NNP
재킷,NNG
랜덤,NNG
초과,NNG
무한,NNG
내재,NNG
검정고시,NNG
네일,NNG
아트,NNG
연출,NNG
간판,NNG
밑바닥,NNG
체력장,NNG
감상문,NNG
한가득,MAG
서러움,NNG
나나,NNP
민낯,NNG
앞자리,NNG
뒷자리,NNG
고래,NNG
새우,NNG
성형외과,NNP
부단히,MAG
비로소,MAG
직업상담사,NNP
플레이,NNG
안식처,NNG
냅다,MAG
잔반,NNP
당해,NNG
증언,NNG
상승세,NNG
차비,NNG
충성심,NNG
심폐,NNG
소생술,NNG
팔천,NR
전파,NNG
기름값,NNG
야유회,NNG
뒤꽁무니,NNG
면허증,NNG
음담패설,NNG
먹구름,NNG
한정판,NNP
태클,NNG
학번,NNG
취객,NNG
리모컨,NNG
장려,NNG
육아휴직,NNP
숙소,NNG
스노클링,NNP
무기력,NNG
심심풀이,NNG
쏜살같이,MAG
사백,NR
조산원,NNG
종아리,NNG
탄,NNG
반색,NNG
울고불고,MAG
실연,NNG
개척,NNG
페어,NNG
기념품,NNG
작명,NNG
여운,NNG
위문편지,NNG
코팅,NNG
쑥쑥,MAG
대강,NNG
졸졸,MAG
혼잣말,NNG
치욕,NNG
깔끔히,MAG
협동심,NNG
차주,NNG
친밀감,NNG
경리부,NNG
.휴가,NNG
취조,NNG
말조심,NNG
통찰력,NNG
인사고과,NNG
명시,NNG
자만심,NNG
투서,NNG
사탕발림,NNG
미꾸라지,NNG
별반,MAG
눈치껏,MAG
기안서,NNP
스카웃,NNG
자발,NNG
분업,NNG
퍼즐,NNG
포상금,NNG
청사진,NNG
발표력,NNG
아이콘,NNG
시체,NNG
저작물,NNG
으레,MAG
웅덩이,NNG
듦,NNP
표절,NNG
뻥긋,MAG
손님,NNG
탑승,NNG
문학,NNG
중매,NNG
수박,NNG
측면,NNG
부속품,NNG
부속,NNG
.늦,NNG
국제,NNG
폭탄선언,NNG
분만실,NNG
전자레인지,NNG
뒷조사,NNG
월례,NNG
넷플릭스,NNP
참을성,NNG
경험자,NNG
안목,NNG
입실,NNG
.탕비실,NNG
윙크,NNG
순순히,MAG
혐오감,NNG
알림,NNG
몸서리,NNG
카레,NNG
해서,NNG
자투리,NNG
대거,MAG
적절히,MAG
월등히,MAG
비수기,NNG
경품,NNG
애사심,NNG
창립,NNG
마마무,NNP
합주,NNG
예매,NNG
잠꼬대,NNG
결혼반지,NNG
친부모,NNG
성정,NNG
개선책,NNG
시름시름,MAG
스카프,NNG
와이셔츠,NNG
가족사진,NNG
애칭,NNG
그림일기,NNG
양치질,NNP
밤바다,NNG
긴밀히,MAG
당혹감,NNG
땅값,NNG
삼성전자,NNP
폭등,NNG
링크,NNG
불입,NNG
레슨비,NNG
부양가족,NNG
배당,NNG
슈퍼맨,NNG
마약,NNG
외동아들,NNG
사실상,MAG
뇌사,NNG
복통,NNG
수납,NNG
클레이,NNP
호흡증,NNG
배꼽,NNG
라미네이트,NNG
.치과,NNG
베란다,NNG
햇볕,NNG
두런두런,MAG
유전병,NNG
원천,NNG
약골,NNG
장어,NNG
.장어,NNG
태만,NNG
잡음,NNG
감봉,NNG
분간,NNG
직통,NNG
아재,NNG
박장대소,NNG
모니터,NNG
법인,NNG
기정,NNG
제조,NNG
번역,NNG
불신감,NNG
비상근무,NNG
심경,NNG
격,NNG
실무자,NNG
부합,NNG
심기일전,NNG
라이벌,NNG
아날로그,NNG
디지털,NNG
만료일,NNG
캐주얼,NNG
데이,NNG
아웃,NNG
기합,NNG
엉거주춤,MAG
공수,NNG
양식,NNG
텃새,NNG
환송,NNG
일정량,NNG
처사,NNG
카풀,NNG
선약,NNG
두드러기,NNG
영입,NNG
증진,NNG
할애,NNG
그룹웨어,NNG
가짓수,NNG
대폭,MAG
성급,NNG
.제,NNG
세탁기,NNG
술버릇,NNG
인물,NNG
호신용품,NNP
출동,NNG
악몽,NNG
행정실,NNG
막노동,NNG
본지,NNG
보톡스,NNG
사상,NNG
금반지,NNP
녹음기,NNG
곘,NNG
나잇,NNG
사무직,NNG
전향,NNG
불로,NNG
삼성,NNP
발길,NNG
정비,NNG
친부,NNG
돈타령,NNG
폴더,NNG
마자,NNG
중도금,NNG
바깥출입,NNG
안위,NNG
저택,NNG
건축물,NNG
귤나무,NNP
각지,NNG
든든히,MAG
탄탄히,MAG
차곡히,NNG
고산,NNG
지대,NNG
페루,NNP
안데스,NNP
비수,NNG
래미네이트,NNG
.미,NNG
단식,NNG
일시,NNG
설움,NNG
총명,NNG
신장염,NNG
희진이,NNP
손등,NNG
어미,NNG
뇌사자,NNG
미역,NNG
완도,NNP
사양,NNG
배불리,MAG
학회,NNG
홍보물,NNG
곡물,NNG
의료진,NNG
일러스트레이터,NNG
갑상선염,NNG
고객사,NNG
.컴,NNG
경력자,NNG
연예,NNG
금지령,NNG
분식,NNG
파트타임,NNG
언사,NNG
마스터,NNG
경영자,NNG
휴가라,NNG
스펙터클,NNG
술수,NNG
노련미,NNG
일급,NNG
도끼,NNG
대우라,NNG
도사,NNG
사래,NNG
.사래,NNG
성황,NNG
획기적,NNG
복강,NNG
체액,NNG
칼슘,NNG
꾹꾹,MAG
마,MAG
세수,NNG
겨울철,NNG
.취,NNG
옆방,NNG
묏자리,NNG
시신기증,NNP
마음씨,NNG
화환,NNG
몸뚱이,NNG
수수,NNG
급성 백혈병,NNP
가정주부,NNG
먹이,NNG
과수원,NNG
자연재해,NNG
화학,NNG
망막,NNG
손톱,NNG
와우,NNG
관리인,NNG
중증 근무력증,NNP
대상포진,NNP
철분,NNG
흡수,NNG
방송사,NNG
가루약,NNG
.빠,NNG
송장,NNG
.기증,NNG
월드컵,NNG
관람,NNG
시행착오,NNG
이판사판,NNG
한식,NNG
조리사,NNG
성대,NNG
전동,NNG
동맥,NNG
축젯날,NNG
진수성찬,NNG
구걸,NNG
귀금속,NNG
담소,NNG
공과금,NNG
과태료,NNG
분별,NNG
세관,NNG
구천,NR
칼국수,NNG
신용도,NNG
호적,NNG
하여금,MAG
관,NNG
방송국,NNG
즉시,NNG
꿍꿍이,NNG
사돈집,NNG
생필품,NNG
주행,NNG
재범,NNG
데스크,NNG
운수,NNG
쭉쭉,MAG
외환,NNG
.구두쇠,NNG
감안,NNG
면제,NNG
만기일,NNG
예적금,NNG
권리금,NNG
기승,NNG
외투,NNG
빈속,NNG
폐활량,NNG
관청,NNG
살인마,NNG
뱀술,NNP
심판,NNP
폐가,NNG
무더위,NNG
페트병,NNG
절단,NNG
시산제,NNG
포대,NNG
생태,NNG
파괴,NNG
순직,NNG
저세상,NNG
문턱,NNG
요,NNG
.의지,NNG
조리법,NNG
플래카드,NNG
행사장,NNG
대학생,NNG
봉사자,NNG
겸허히,MAG
형제자매,NNG
애간장,NNG
신조어,NNG
겹,NNG
본능,NNG
적대감,NNG
기척,NNG
이물질,NNG
내비게이션,NNP
.회칙,NNG
하자,NNG
원만히,MAG
.무,NNG
식약청,NNG
검문,NNG
연륜,NNG
지혜,NNG
짠돌이,NNG
허기,NNG
말장난,NNG
다시금,MAG
울분,NNG
유동,NNG
비굴,NNG
더치,NNP
페이,NNG
풀칠,NNG
경제생활,NNG
가상,NNG
화폐,NNG
위스키,NNG
재취,NNG
업,NNG
아드님,NNG
굿,NNG
가량,NNG
쉼터,NNG
호기,NNG
일용,NNG
청산,NNG
암만,MAG
정당,NNG
색깔,NNG
공영,NNG
보상금,NNG
기부금,NNG
감사패,NNG
반토막,NNG
펀트,NNG
잠자코,MAG
근근이,MAG
대비책,NNG
.재,NNG
고스란히,MAG
혈육,NNG
실버,NNG
타운,NNG
방울,NNG
영업방해,NNP
횡재,NNG
메르스,NNP
더욱이,MAG
먹을거리,NNG
조미료,NNG
감퇴,NNG
간경변,NNG
하,NNP
포만감,NNG
스튜디오,NNG
봄나들이,NNG
괴사,NNG
수목장,NNP
깊숙이,MAG
세척,NNG
유방,NNG
대중목욕탕,NNG
핏기,NNG
내용물,NNG
온,NNG
청정기,NNG
전문의,NNG
물체,NNG
술병,NNG
노골,NNG
페인트,NNG
득달같이,MAG
굽실,MAG
저급,NNG
.분노,NNG
할매,NNG
할망구,NNG
오판,NNG
역무원,NNG
유재석,NNP
.의도,NNG
실족,NNG
통일,NNG
이명,NNG
항문,NNG
잔기침,NNG
보온병,NNG
눈길,NNG
심보,NNG
동행,NNG
남루,NNG
엽,NNG
얄짤,NNG
.뇌,NNG
애석,NNG
식재료,NNG
서재,NNG
과부,NNG
순이,NNP
백숙,NNG
미향,NNP
봄꽃,NNG
병인,NNG
진료비,NNG
행방,NNG
대장내시경,NNP
시원히,MAG
운전자,NNG
영숙이,NNP
약수터,NNG
심히,MAG
허물,NNG
분주,NNG
.꼬,NNG
서예,NNG
지능,NNG
스피커,NNG
활용법,NNG
백발,NNG
치약,NNG
바늘,NNG
갑각류,NNP
스켈,NNG
링,NNG
치실,NNP
볼륨,NNG
이인삼각,NNP
화제,NNG
조부,NNG
빵빵,MAG
구태여,MAG
제육볶음,NNG
괴로,NNP
울타리,NNG
성깔,NNG
괴짜,NNG
뚝딱,MAG
구축,NNG
김치전,NNP
상팔자,NNG
베이비시터,NNP
월액,NNG
생계비,NNG
지원책,NNG
급락,NNG
도주,NNG
수사,NNG
감형,NNG
타파,NNG
수신,NNG
장신구,NNG
투자자,NNG
눈독,NNG
할부,NNG
신용카드,NNP
천대,NNG
미옥,NNG
공갈,NNG
바짝,MAG
김치찌개,NNG
확충,NNG
육아법,NNG
.조교,NNG
삼삼오오,NNG
학생회장,NNG
초청,NNG
호우,NNG
침수,NNG
터전,NNG
마이크,NNG
새내기,NNG
배움터,NNG
덜덜,MAG
쉰,NR
치수,NNG
늘상,MAG
로스쿨,NNG
단백질,NNG
평생직장,NNG
지위,NNG
반신반의,NNG
화초,NNG
연속극,NNG
마켓,NNG
청계산,NNP
늦깎이,NNG
황새,NNG
뱁새,NNG
냉기,NNG
소유,NNG
갈비탕,NNG
피겨,NNG
동창생,NNP
직분,NNG
출석,NNG
신나,NNG
명소,NNG
직결,NNG
깨끗이,MAG
고리,NNG
더이상,MAG
국경,NNG
팔로우,NNG
스릴러,NNG
카피라이터,NNG
섭외,NNG
혼인,NNG
한마음,NNG
지원이,NNP
베이비박스,NNP
편식,NNG
기류,NNG
임박,NNG
부딛치,NNG
의구심,NNG
워킹홀리데이,NNP
백업,NNG
다함께,MAG
합창,NNG
르,NNG
길가,NNG
마녀사냥,NNG
개시,NNG
신종,NNG
라섹,NNG
보조개,NNG
핫,NNG
흙탕물,NNG
굽,NNG
절호,NNG
종교인,NNG
내정,NNG
꾸역,NNG
.투잡,NNG
허니문,NNG
진척,NNG
물난리,NNG
실의,NNG
떄,NNG
입국,NNG
.로또,NNG
갈망,NNG
메세지,NNG
외제차,NNG
멀뚱멀뚱,MAG
친근감,NNG
백지,NNG
려고,NNG
짜고,NNP
변비,NNG
각도,NNG
세면도구,NNG
자반,NNG
볼모,NNG
미워,NNP
야심,NNG
원액,NNG
문화생활,NNG
수금,NNG
하하,MAG
농장,NNG
조울증,NNG
산타,NNP
둘이,NNG
시식,NNG
마들렌,NNP
꼬르륵,MAG
방광,NNG
.외투,NNG
향기,NNG
디퓨저,NNG
알콜,NNG
성찰,NNG
품절,NNG
누더기,NNG
격식,NNG
눈에는 눈 이에는 이,NNP
중천,NNG
음반,NNG
합숙,NNG
혁신안,NNG
책정,NNG
소아,NNG
여물,NNG
단념,NNG
육촌,NNG
자야,NNP
궂은일,NNG
낼,NNG
바깥바람,NNG
찬바람,NNG
감자,NNG
걸신,NNG
문구점,NNG
돼지코,NNG
패거리,NNG
쫄면,NNP
목사,NNG
괴물,NNG
곤경,NNG
대적,NNG
두유,NNG
개조,NNG
나뭇잎,NNG
재건축,NNP
한통속,NNG
발표자,NNG
농약,NNG
동병상련,NNG
한풀,NNG
항생제,NNG
치료약,NNG
성급히,MAG
청년회,NNG
발품,NNG
박살,NNG
옆구리,NNG
기왕이면,MAG
기선,NNG
레퍼런스,NNG
뚝심,NNG
캐비닛,NNG
요양보호사,NNP
바뻐,NNG
상사여,NNG
간곡히,MAG
복학생,NNG
타이어,NNG
펑크,NNG
가시,NNG
로또에,NNG
한옥,NNG
쌈짓돈,NNG
사칭,NNG
수수료,NNG
단시간,NNG
차선책,NNG
복지과,NNG
비겁자,NNG
부워서,NNG
추스러야,NNG
슬기,NNG
부수입,NNG
과음,NNG
규격,NNG
도서실,NNG
아웃백,NNP
주도자,NNG
현수막,NNG
각별히,MAG
포장지,NNG
상복,NNG
사오정,NNG
호상,NNG
내장,NNG
틱,NNG
경기도,NNP
혐의,NNG
권투,NNG
나하테,NNG
법조,NNG
장바구니,NNG
얼,NNG
둔,NNP
친자검사,NNP
의중,NNG
.위,NNG
자궁내막증,NNP
은,NNG
은괴,NNP
금은방,NNG
행,NNG
근무처,NNG
긴축,NNG
후사,NNG
속세,NNG
반점,NNG
핫초코,NNG
코코,NNP
꽁초,NNG
단속반,NNG
해임,NNG
세미나,NNG
댄서,NNG
갈비뼈,NNG
계열사,NNG
특유,NNG
줄임,NNG
영양가,NNG
하원,NNG
갓길,NNG
가려움증,NNG
세뇌,NNG
뷔페,NNG
논,NNG
권력,NNG
회신,NNG
뻘뻘,MAG
순대,NNG
실언,NNG
단숨에,MAG
우물,NNG
믹스,NNG
고모부,NNG
거리낌,NNG
들판,NNG
우뚝,MAG
돈다발,NNG
퇴보,NNG
용의자,NNG
유망주,NNG
신임,NNG
음악인,NNG
비일비재,NNG
총애,NNG
화근,NNG
집밥,NNG
진가,NNG
지팡이,NNG
오목,MAG
젓갈,NNG
세균,NNG
번식,NNG
한탕,NNG
대담,NNG
꼼수,NNG
스팸,NNG
네,NNG
간간이,MAG
선처,NNG
입소,NNG
무던히,MAG
장식장,NNG
족구,NNG
트로피,NNG
입담,NNG
일행,NNG
우두머리,NNG
예의범절,NNG
광경,NNG
논밭,NNG
설명서,NNG
노궁,NNG
악한,NNG
재활용품,NNG
활용품,NNG
명품관,NNG
수거함,NNG
큰맘,NNG
무상급식,NNP
하향세,NNG
궁전,NNG
이건,NNG
가전제품,NNG
호프집,NNG
골방,NNG
꽃노래,NNP
의류,NNG
너넉,NNG
수주,NNG
새로이,MAG
과중,NNG
자영업자,NNG
지침,NNG
오손도손,MAG
불능,NNG
조선,NNP
평행선,NNG
삼시,NNG
군데군데,MAG
노쇠,NNG
상한,NNG
딴지,NNG
자칫하면,MAG
허수아비,NNG
티에프,NNG
고참,NNG
주역,NNG
젋,NNP
핸들,NNG
군살,NNG
우두커니,MAG
내일모레,NNG
성악,NNG
육이오,NNP
작고,NNG
금년,NNG
물심양면,NNG
전철,NNG
난소암,NNP
밑바탕,NNG
친정아버지,NNG
싱가포르,NNP
한사코,MAG
군인,NNG
.염세,NNG
성품,NNG
.모태,NNG
똑똑이,NNG
포도주,NNG
수의,NNG
캥거루,NNG
거미줄,NNG
꿔줄,NNG
스괏,NNG
길고양이,NNP
토사,NNG
곽,NNG
란,NNG
여름철,NNG
동문회,NNG
재물,NNG
우량주,NNG
본전,NNG
차남,NNG
식솔,NNG
문중,NNG
이심,NNG
패,NNG
판결,NNG
소유욕,NNG
두루두루,MAG
그리도,MAG
개업식,NNG
공약,NNG
신작,NNG
선풍기,NNG
페이지,NNG
관철,NNG
바위,NNG
팔로워,NNG
.사수,NNG
페인트칠,NNG
마마보이,NNG
뭉클,MAG
탄생,NNG
의기양양,NNG
셰계,NNG
재수생,NNG
교도,NNG
공로상,NNG
히터,NNG
삼한,NNP
조처,NNG
속박,NNG
작년도,NNG
파벌,NNG
너도나도,MAG
아프리카,NNP
입김,NNG
방송학,NNG
결례,NNG
허례허식,NNG
변론,NNG
덤벙대,NNP
매세지,NNG
저녁밥,NNG
롤러코스터,NNP
유령,NNG
다세대,NNG
이의신청,NNP
개천,NNG
브리핑,NNG
고층,NNG
별게,NNG
의붓,NNG
교과목,NNG
관리실,NNG
인공호흡기,NNG
부착,NNG
시중금리,NNP
틈틈히,MAG
쟁,NNG
수임료,NNG
.투,NNG
토나와,NNP
요란,NNG
풋살,NNP
하체,NNG
스쿼트,NNP
에어로빅,NNG
키워드,NNG
논거,NNG
드려봐여,NNG
영철이,NNP
아이폰,NNP
장녀,NNG
전학생,NNP
장래희망,NNP
부귀,NNG
십팔,NR
자라,NNG
코딩,NNG
혁명,NNG
맹구,NNP
급사,NNG
의미을,NNG
숨가뻐,NNP
공단,NNG
고혈,NNG
앰뷸런스,NNG
군만두,NNG
공경심,NNG
선친,NNG
만수,NNG
폐수,NNG
방류,NNG
물고기,NNG
떼죽음,NNG
위험군,NNG
쉰인데,NNG
자린고비,NNG
회전목마,NNG
국채,NNG
배신자,NNG
폭럭,NNP
경제학,NNG
경제학과,NNG
갑지,NNP
보유세,NNG
여지껏,MAG
과다증,NNG
사업자,NNG
뿔뿔이,MAG
일평생,NNG
꽃순이,NNP
전복죽,NNP
참혹,NNG
바,NNG
친인척,NNG
개고기,NNG
벼랑,NNG
병이,NNG
판별,NNG
마킹,NNG
땡전,NNG
뜀박질,NNG
먼곳,NNG
암병동,NNP
충만,NNG
고소조취,NNG
산골짜기,NNG
먼거리,NNG
.부업,NNG
격려금,NNG
마그네슘,NNG
매니아,NNG
속초,NNP
의과,NNG
육군사관학교,NNP
심리치료,NNP
경식,NNP
괴씸,NNG
과학자,NNG
수빈,NNP
지안,NNP
삼총사,NNG
퍼센트,NNG
모형,NNG
커밍아웃,NNG
지칭,NNG
영진,NNP
진영,NNP
테,NNG
진영이,NNP
작곡,NNG
이공,NNG
특성화고,NNG
요술,NNG
공주,NNG
해부,NNG
서강대,NNP
미니스커트,NNG
괜시리,MAG
버져,NNG
맞대응,NNG
차림새,NNG
떠든,NNP
셰프,NNG
여드름,NNG
패싸움,NNG
예술고등학교,NNP
부산대,NNP
프로그래머,NNG
농어촌,NNG
분출,NNG
급식비,NNG
단결력,NNG
스케이트,NNG
모닥불,NNG
교과,NNG
조종사,NNG
문뜩,NNG
항공,NNG
브로마이드,NNP
시한폭탄,NNG
상극,NNG
갑자,NNG
변이,NNG
데,NNG
레이저,NNG
모아,NNP
경마장,NNG
염세적,NNG
주봉,NNG
카바레,NNG
주빈,NNP
주진,NNP
효정,NNP
컨닝,NNG
신장병,NNG
새총,NNG
눈가,NNG
번주,NNG
환우,NNP
처갓집,NNG
유흥비,NNG
에펠탑,NNP
런던,NNP
시계탑,NNG
그리스,NNP
못가,NNG
잔쯕,NNG
법률가,NNG
학자,NNG
골목길,NNG
포상,NNG
바뻐서,NNG
변임,NNG
대로,NNG
과속,NNG
목감기,NNG
기러기아뻐,NNG
가계비,NNG
뼈져리,NNG
막둥이,NNG
중년인,NNG
히트,NNG
방탄,NNP
소년단,NNG
혈당량,NNG
.소모,NNG
.대자보,NNG
옥살이,NNG
생물학자,NNG
등산모,NNG
치레,NNG
검버섯,NNG
꿈자리,NNG
원무과장,NNG
천하,NNG
매한가지,NNG
마당발,NNG
낭송,NNG
매스컴,NNG
친족,NNG
범행,NNG
상온,NNG
결제일,NNG
족보,NNG
지우개,NNG
야뇨증,NNG
아들딸,NNG
고락,NNG
희복,NNG
양날,NNG
이슈,NNG
순이익,NNG
이목구비,NNG
김숙,NNP
자중,NNG
치료기,NNG
폭염,NNG
열병,NNG
문고,NNG
했야,NNG
베이징,NNP
함양,NNG
방방곡곡,NNG
야기,NNG
증서,NNG
아사코,NNP
한국인,NNG
잉꼬,NNP
흔,NNG
걸음걸이,NNG
사퇴,NNG
지진,NNG
서문,NNG
문장,NNG
이례,NNG
가지,NNG
사교육,NNG
시카고,NNP
큰누나,NNG
회복세,NNG
죄절,NNG
대용,NNG
가창,NNG
우황청심환,NNP
엄,NNP
항복,NNG
몸종,NNG
떄문,NNG
항시,NNG
오염,NNG
흡입,NNG
붓,NNG
인턴사원,NNG
택,NNG
무심결,NNG
정립,NNG
조짐,NNG
재계,NNG
여차저차,NNG
급우,NNG
앙갚음,NNG
배변,NNG
패드,NNG
홀랑,MAG
모드,NNG
군소리,NNG
모면,NNG
쉬이,MAG
육십만,NR
쇠고기,NNG
휴업,NNG
맥북,NNP
무상,NNG
숙련,NNG
노심초사,NNG
교육자,NNG
인도,NNG
보,NNG
기껏해야,MAG
태극권,NNG
데생,NNG
결별,NNG
항공기,NNG
법대,NNG
기획력,NNG
계획안,NNG
회고,NNG
유비무환,NNG
사자,NNG
성어,NNG
월말,NNG
바위섬,NNG
사족,NNG
줄기,NNG
이사장,NNG
장성,NNG
이튿날,NNG
바라지,NNG
근무자,NNG
고위험군,NNG
사모펀드,NNP
게시,NNG
식약처,NNG
크릴,NNP
추출,NNG
용매,NNG
강습소,NNG
휴강,NNG
청소년과,NNG
미스터트롯,NNP
강력히,MAG
관장,NNG
찍소리,NNG
구설,NNG
인생무상,NNG
다이아,NNG
후손,NNG
새댁,NNG
싹수,NNG
기형아,NNG
평정심,NNG
폄훼,NNG
구기,NNG
콘텐츠,NNG
차감,NNG
리스크,NNG
맞춤,NNG
호구,NNG
선의,NNG
속사정,NNG
안내문,NNG
스킬,NNG
목표액,NNG
은연중,NNG
염도,NNG
리얼,NNG
스톤,NNG
아랫배,NNG
지부,NNG
회전,NNG
완결,NNG
넙죽,MAG
시연,NNG
발표회,NNG
세련,NNG
후룸라이드,NNG
손위,NNG
횡설수설,NNG
곰곰히,MAG
자산가,NNG
빈둥빈둥,MAG
이틀간,NNG
철이,NNP
길바닥,NNG
지경,NNG
천근만근,NNG
대충대충,MAG
모전,NNG
대금,NNG
산후우울증,NNP
파쇄,NNP
스튜어디스,NNG
반경,NNG
무해,NNG
유소년,NNG
엔지니어링,NNG
쿵,MAG
푸대접,NNG
디,NNG
참치,NNG
카메룬,NNP
시작점,NNG
호불호,NNG
수제,NNG
비누,NNG
쇼핑백,NNG
문고리,NNG
인사말,NNG
옷값,NNG
변상,NNG
무심히,MAG
결혼관,NNG
출발선,NNG
답습,NNG
수입액,NNG
펄펄,MAG
일순간,NNG
방석집,NNP
좌식,NNG
호의호식,NNG
종부세,NNG
불구자,NNG
파고다,NNP
속속들이,MAG
일가족,NNG
소싯적,NNG
강매,NNG
구렁텅이,NNG
휴무라고,NNG
발끈,MAG
예외,NNG
스피킹,NNG
정사,NNG
묘안,NNG
적기,NNG
단가,NNG
객관식,NNG
원초,NNG
의부증,NNG
.회,NNG
다분히,MAG
결의,NNG
이억,NR
동료가,NNP
순응,NNG
빈도,NNG
감명,NNG
목덜미,NNG
금번,NNG
위원,NNG
.하교,NNG
실랑이,NNG
남용,NNG
모멸감,NNG
선량,NNG
매니지먼트,NNG
분별력,NNG
의기,NNG
되,NNG
시대착오,NNG
길목,NNG
진퇴양난,NNG
차이점,NNG
시간표,NNG
.추,NNG
한층,MAG
아궁이,NNG
콘솔,NNG
팝콘,NNG
버터,NNG
후식,NNG
밤하늘,NNG
유심히,MAG
행실,NNG
내리막길,NNG
하기,NNG
그야,MAG
단춧구멍,NNG
사려,NNG
수지,NNG
머리채,NNG
왕이,NNP
블랙,NNG
컨슈머,NNG
명성,NNG
도출,NNG
빈틈없이,MAG
유입,NNG
확대,NNG
연령대,NNG
꾀,NNG
본드,NNG
올림피아드,NNG
대회장,NNG
빕스,NNP
민우,NNP
태희,NNP
천재,NNG
멀뚱히,MAG
탈출구,NNG
.부,NNG
부반장,NNG
깨달음,NNG
다크,NNG
서클,NNG
주춤,MAG
정당방위,NNG
뒷골목,NNG
운운,NNG
발치,NNG
보호대,NNG
프라모델,NNP
데드라인,NNG
개인사,NNG
승리,NNG
목줄,NNG
공놀이,NNG
상영,NNG
올드,NNG
.노무,NNG
주원,NNG
커버,NNG
다홍치마,NNG
지름길,NNG
졸업장,NNG
일생일대,NNG
한약재,NNG
재정난,NNG
늪,NNG
정액,NNG
격상,NNG
점퍼,NNG
오차,NNG
입자,NNG
스웨터,NNG
철석,NNG
패가망신,NNG
재결합,NNP
꿈쩍,MAG
실속,NNG
칵테일,NNG
괄시,NNG
뇌척,NNG
등갈비,NNG
과민반응,NNP
전단,NNG
옥자,NNP
분수,NNG
혈안,NNG
어린이,NNG
백두산,NNP
설맞이,NNG
돌보미,NNG
미들,NNG
다이나믹 듀오,NNP
싸인,NNG
별장,NNG
기특해,NNG
모니터링,NNG
바자회,NNG
상조,NNG
모교,NNG
노출증,NNG
가래,NNG
교육부,NNP
애완견,NNG
장터,NNG
단,NNG
현황,NNG
귓속말,NNG
연기자,NNG
산송장,NNG
번지르르,MAG
정신병자,NNG
소년원,NNG
준,XPN
깻잎,NNG
재배,NNG
주거비,NNG
위험도,NNG
우엉,NNG
.차,NNG
향초,NNP
물놀이,NNG
돌덩이,NNG
연애편지,NNG
동방예의지국,NNP
부끄럼,NNG
키오스크,NNG
전광판,NNG
짠,MAG
모친,NNG
건전,NNG
동무,NNG
한의학,NNG
합산,NNG
생김새,NNG
무용,NNG
선미,NNG
수진,NNP
풍문,NNG
근원지,NNG
선출,NNG
무모,NNG
예방법,NNG
친우,NNG
카피,NNG
금일,NNG
움추러,NNG
초초재,NNG
제지,NNG
묵인,NNG
아우,NNG
에버랜드,NNP
.벗,NNG
채무,NNG
카운셀링,NNG
김밥,NNG
떄렸,NNG
떄리기,NNG
엄중,NNG
생성,NNG
.교,NNG
제정,NNG
통지표,NNG
갈채,NNG
다기,NNG
추위,NNG
아우터,NNG
어떻든,MAG
윈,NNG
명일,NNG
독후감,NNG
홈스쿨링,NNG
설,NNG
정주,NNG
명년,NNG
이형,NNG
출생,NNG
오산,NNG
메이크업,NNG
주동,NNG
고취,NNG
아웃사이더,NNG
세분,NNG
혼돈,NNG
별세,NNG
애써,NNG
교촌,NNP
뺐겼어,NNG
내주,NNG
동화,NNG
글짓기,NNG
대치,NNG
혼랴,NNG
물리학,NNG
타겟,NNG
목수,NNG
속닥,NNG
사립대,NNG
배반,NNG
응징,NNG
저희,NP
대항,NNG
조소,NNG
우호,NNG
그제서야,MAG
악랄,NNG
네임,NNG
시달림,NNG
초이스,NNG
젠가,NNG
오라버니,NNG
계부,NNG
스탑,NNG
별안간,MAG
패밀리,NNG
간과,NNG
터무니,NNG
등살,NNG
일식집,NNG
주모자,NNG
반듯이,MAG
외가,NNG
가금,NNG
자긍심,NNG
파일럿,NNG
진수,NNP
데모,NNG
디렉터,NNG
파티쉐,NNP
프렌차이즈,NNG
장차,MAG
미적분,NNG
얼만큼,MAG
뻇긴거,NNG
진위,NNG
.지우개,NNG
정민이,NNP
기의,NNG
파우치,NNG
협방,NNG
위상,NNG
평행,NNG
여주,NNP
정인,NNP
혼동,NNG
면상,NNG
조경,NNG
조력,NNG
속히,MAG
구십오,NR
우,NNG
진실로,MAG
공업,NNG
별루,MAG
성젹표,NNP
떻,NNG
오늘날,NNG
양친,NNG
불찰,NNG
저지,NNG
핍박,NNG
히,NNG
철두철미,NNG
초근,NNG
넝수,NNG
눈엣가시,NNG
통틀어,MAG
서울대학교,NNP
땨,NNG
목청,NNG
.앙해,NNG
두럽,NNG
오랫만,NNG
송,NNG
우의,NNG
발각,NNG
문항,NNG
출제,NNG
교도소,NNG
강자,NNG
추리,NNG
십이,NR
학기말,NNG
죄값,NNG
역거워,NNP
의상,NNG
피멍,NNG
녹화,NNG
거들,NNG
의복,NNG
재식이,NNP
가족관,NNG
몇일,NNG
응용,NNG
요인,NNG
익일,NNG
바느질,NNG
적잖이,MAG
경철,NNP
무청,NNG
사택,NNG
연거푸,MAG
행동거지,NNG
조모,NNG
시기심,NNG
뿌리,NNG
.은퇴금,NNG
.친우,NNG
.교내,NNG
도서,NNG
화학과,NNG
사회복지학과,NNG
맛읶,NNG
책가방,NNG
어머미,NNG
열싱히,NNG
다튔어,NNG
눈알,NNG
진이,NNP
숙,NNG
성행,NNG
팩트,NNG
이듬해,NNG
선샹,NNG
희,NNG
뒷얘기,NNG
땡큐,NNP
교직원,NNG
꽃밭,NNG
케첩,NNG
교문,NNG
견해,NNG
그래프,NNG
초상집,NNG
선동자,NNG
외고,NNG
개의,NNG
재료비,NNG
회한,NNG
화평,NNG
원호,NNG
곱슬,NNG
우라,NNP
룰,NNG
하긴,MAG
항,NNG
첼로,NNG
스낵,NNG
맹세코,MAG
머니,NNG
수여,NNG
계회을,NNG
이본,NNG
삽시간,NNG
외갓집,NNG
벼루,NNG
큐트,NNP
학내,NNG
전담반,NNG
?압도,NNG
실리,NNG
차일,NNG
불어,NNP
수학자,NNG
승질,NNG
근면,NNG
경미,NNP
본디,NNG
타임,NNG
유미,NNP
여학생,NNG
해면,NNG
맹장염,NNG
귀걸이,NNG
으뜸,NNG
충혈,NNG
질끈,MAG
담력,NNG
빼았겼어,NNG
금년도,NNG
둔부,NNG
대통령,NNG
불순,NNG
위인,NNG
동급,NNG
작,NNG
대단히,MAG
어거지,NNG
천직,NNG
과외도,NNG
고뇌,NNG
실토,NNG
허구,NNG
군사,NNG
두둔,NNG
지지난해,NNG
유나,NNP
분위,NNG
돌연히,MAG
애물단지,NNG
자업자득,NNG
쭈욱,MAG
겉멋,NNG
약주,NNG
탈취,NNG
친우가,NNP
그나저나,MAG
.골부,NNG
독설,NNG
사정없이,MAG
컷,NNG
종결,NNG
재회,NNG
한걸음,NNG
챙피,NNG
전문대,NNG
모둠,NNG
주범,NNG
미화원,NNG
페이커,NNG
중산층,NNP
굳건히,MAG
콩가루,NNG
세상천지,NNG
시귀,NNP
생일잔치,NNG
약조,NNG
개교기념일,NNG
전말,NNG
장식품,NNG
안장,NNG
유년기,NNG
타인들,NNP
수식,NNG
전복,NNG
지켜워,NNG
상정,NNG
망첬어,NNG
바라,NNP
탄식,NNG
고인,NNG
체인지,NNG
가업,NNG
의기투합,NNG
희롱,NNG
증빙,NNG
잡념,NNG
흑판,NNG
선도부,NNG
물감,NNG
딸자식,NNG
혼인식,NNG
대행,NNG
수생,NNG
낭설,NNG
청소년기,NNG
불상사,NNG
유부초밥,NNP
어묵,NNG
카이스트,NNP
기계과,NNG
소영이,NNP
기숙,NNP
대한,NNG
오금,NNG
썬크림,NNG
갈비,NNG
소신껏,MAG
필히,MAG
자기혐오,NNP
빈번히,MAG
장남,NNG
죄악,NNG
외국어고,NNG
공석,NNG
관리도,NNP
타이트,NNG
일직,NNG
희열감,NNG
마이스터고,NNG
망각,NNG
공학과,NNG
폐교,NNG
분식회계,NNP
주가조작,NNP
싫증,NNG
음악가,NNG
수학과,NNG
전라도,NNP
명랑,NNG
지레,MAG
부태,NNG
대걸레,NNP
외히려,NNG
학당,NNG
착수,NNG
값어치,NNG
벌스데,NNG
수료,NNG
밑단,NNG
간담회,NNG
새어머니,NNG
추도식,NNG
원시,NNG
근시,NNG
난시,NNP
창가,NNG
안락의자,NNG
인격체,NNG
복식,NNG
폐소공포증,NNP
까르르,MAG
국선,NNG
억척,NNG
유선,NNG
찻집,NNG
명희,NNP
두문불출,NNG
결여,NNG
음치,NNG
유대,NNG
아래층,NNG
땡깡,NNG
뇌경색,NNG
양화,NNG
급속,NNG
좌측,NNG
무쇠,NNG
퇴출,NNG
일세,NNG
저서,NNG
출두,NNG
경영진,NNG
덤터기,NNG
퇴임식,NNG
졸지에,MAG
상과,NNG
내리사랑,NNG
불치,NNG
오열,NNG
사자성어,NNG
인문학,NNG
약화,NNG
해꼬지,NNG
철자,NNG
띄어쓰기,NNG
너와,NNG
재앙,NNG
.거,NNG
시들시들,MAG
여주인공,NNG
밥솥,NNG
임시직,NNG
짐승,NNG
부딫히,NNG
세상살이,NNG
아범,NNG
단풍나무,NNG
숲길,NNG
발간,NNG
고무,NNG
보수당,NNP
살해,NNG
비극,NNG
접점,NNG
주유소,NNG
나랏일,NNG
비대,NNG
두서없이,MAG
조연,NNG
국민학교,NNG
첩,NNG
여흥,NNG
흥정,NNG
꽤나,MAG
타개책,NNG
대퇴부,NNG
주물,NNG
셍,NNG
활,NNG
귀결,NNG
자네,NP
등산로,NNG
종로,NNP
송두리,NNG
구차,NNG
언어폭력,NNG
급기야,MAG
보행,NNG
노환,NNG
아퍼,NNG
이질감,NNG
.때로,NNG
홧병,NNG
급체,NNG
골절상,NNG
처부모,NNG
인가,NNG
특권,NNG
소모임,NNG
단물,NNG
태백,NNP
탄광,NNG
진폐증,NNG
모험,NNG
경숙,NNG
다정히,MAG
숟갈,NNG
강물,NNG
이백만,NR
기금,NNG
이를테면,MAG
거취,NNG
보도블록,NNG
생로병사,NNG
정의감,NNG
트럭,NNG
장치,NNG
그냥저냥,MAG
파출부,NNG
인근,NNG
굴,NNG
비리비리,NNP
.치매,NNG
코비드,NNG
미덕,NNG
버거우네,NNG
추수르,NNG
.병,NNG
전셋값,NNG
일사분란,NNG
책망,NNG
연신,MAG
유월,NNG
시티,NNG
척추,NNG
승부,NNG
검열,NNG
탐구,NNG
영위,NNG
물음,NNG
거인,NNG
스포츠토토,NNP
고관절,NNG
행동반경,NNG
지하실,NNG
와이파이,NNP
추락,NNG
간사,NNG
대표직,NNG
산보,NNG
그제,NNG
이종,NNG
훈장,NNG
망신살,NNG
저축액,NNG
보아하니,MAG
응당,MAG
살얼음,NNG
아무짝,NNG
패배,NNG
인과응보,NNG
대감,NNG
죗값,NNP
홀연히,MAG
.소비,NNG
베르테르,NNP
퉁,MAG
일본어,NNP
부종,NNG
딴생각,NNG
졸혼,NNG
그리움,NNG
포악,NNG
강박증,NNG
슬피,MAG
대주다,NNG
골똘히,MAG
자가당착,NNG
소지자,NNG
개구리,NNG
소방차,NNG
시금치,NNG
회장단,NNG
왕성히,MAG
떳떳이,MAG
동지애,NNG
똘똘,MAG
측은지심,NNG
관리소장,NNG
줄담배,NNG
여자라서,NNP
진입,NNG
낭떠러지,NNG
연석,NNG
예사로,MAG
패배주의,NNG
팽배,NNG
종사자,NNG
조명,NNG
지게,NNG
화물,NNG
더미,NNG
전통,NNG
가정생활,NNG
해로,NNG
재잘재잘,MAG
고리대금업자,NNG
언감생심,NNG
몇십,NR
.회의,NNG
감언이설,NNG
유식,NNG
자족,NNG
순전히,MAG
쬐기,NNG
우왕좌왕,MAG
정예,NNG
원활히,MAG
도우미라,NNG
궁합,NNG
일류,NNG
조립,NNG
누,NNG
권세,NNG
전환기,NNG
시동생,NNG
귀챦,NNG
하마,NNG
행여,MAG
수예,NNG
공예품,NNG
얼음주머니,NNG
심증,NNG
열매,NNG
수익금,NNG
급성 신부전,NNP
통돌이,NNG
드럼,NNG
콧방귀,NNG
노가다,NNG
도란도란,MAG
말발,NNG
병색,NNG
하여튼,MAG
교직,NNG
교수직,NNG
오른발,NNG
그러게말,NNG
짜투리,NNG
구연,NNG
낙선,NNG
중졸,NNG
노구,NNG
문물,NNG
속절없이,MAG
사망자,NNG
운신,NNG
입학금,NNG
소독제,NNG
현대판,NNG
고려장,NNG
외삼촌,NNG
감투,NNG
타개,NNG
변변히,MAG
성생활,NNG
사람과,NNP
텔레비젼,NNG
자구,NNG
이십칠,NR
검찰,NNG
개혁,NNG
하층,NNG
고용센터,NNP
워크넷,NNP
경계심,NNG
사회면,NNG
알뜰히,MAG
통신,NNG
퇴색,NNG
직선,NNG
돌진,NNG
.파스,NNG
.과로,NNG
아랑곳,NNG
독불장군,NNG
제비뽑기,NNG
기호,NNG
뒷처리,NNG
기인,NNG
조어,NNG
움,NNG
개심,NNG
공표,NNG
방기,NNG
폭군,NNG
허송,NNG
후딱,MAG
괴리,NNG
한술,NNG
비트코인,NNP
오이,NNG
풍습,NNG
불협화음,NNG
우위,NNG
빌딩,NNG
백년해로,NNG
애드,NNG
화두,NNG
방비,NNG
간극,NNG
상실증,NNG
헛되이,MAG
지금쯤,NNG
페끼,NNG
.짐,NNG
노숙인,NNG
슬금슬금,MAG
아킬레스건,NNG
의지력,NNG
홀아비,NNG
동기간,NNG
작은아버지,NNG
병석,NNG
등한시,NNG
앞마당,NNG
열다섯,NR
세브란스,NNP
작은애,NNG
이화여대,NNP
청취,NNG
수리점,NNG
망막증,NNG
회로,NNG
이십오만,NR
.거주비,NNG
뒤편,NNG
밑천,NNG
먹자골목,NNG
노동일,NNG
더러,MAG
프라이팬,NNG
고하,NNG
열거,NNG
독재,NNG
민족,NNG
주례사,NNG
처복,NNP
몸뚱아리,NNG
일군,NNG
채력,NNG
패기,NNG
대등,NNG
면장,NNG
역설,NNG
문교부,NNG
팽,MAG
평사원,NNG
살아생전,NNG
열망,NNG
수신료,NNG
열차,NNG
이천이,NR
십삼,NR
상흔,NNG
아집,NNG
펄쩍,MAG
여하튼,MAG
.아끼,NNG
무위도식,NNG
절감,NNG
인생사,NNG
생시,NNG
예탁금,NNG
손자놈,NNG
모기,NNG
술친구,NNG
궁금증,NNG
설상가상,NNG
허접,NNG
환대,NNG
주류,NNG
겉보기,NNG
끝없이,MAG
작업장,NNG
숙달,NNG
시장통,NNG
가속,NNG
하릴없이,MAG
추월,NNG
배란,NNG
출사,NNG
까봐,NNG
근무일,NNG
만무,NNG
휙,MAG
신랑감,NNG
적신호,NNG
일념,NNG
추수,NNG
이발,NNG
이발소,NNG
급변,NNG
대개,MAG
확대경,NNG
풍조,NNG
화이트칼라,NNG
여론,NNG
엇그제,NNG
말대답,NNG
가세,NNG
숙고,NNG
.티,NNG
백혈구,NNG
판명,NNG
압구정,NNP
압구정동,NNP
다리뼈,NNG
중심가,NNG
헌,NNG
지선이,NNP
경숙이,NNP
서연이,NNP
딸기,NNG
불량배,NNG
파열,NNG
평형,NNG
동그라미,NNG
마룻바닥,NNG
칩거,NNG
아이스팩,NNG
못난이,NNG
강직,NNG
.노화,NNG
외식비,NNG
인위,NNG
고성,NNG
그야말로,MAG
반면교사,NNG
움찔,MAG
가사일,NNG
안타,NNG
작꾸,NNG
외래어,NNG
명언,NNG
식전,NNG
약병,NNG
나가,NNG
맘속,NNG
이쪽저쪽,NNG
경조사비,NNG
읍,NNG
자기편,NNG
죄으식,NNG
아고,NNP
남펀,NNG
노후준부,NNG
알수,NNG
여튼,MAG
아르바이르,NNG
미행,NNG
넘,MAG
아퍼해,NNG
괸계,NNG
외로,MAG
근로자,NNG
정치인,NNG
슲프네,NNG
방증,NNG
화합,NNG
변화무쌍,NNG
런,NNG
.모,NNG
테러,NNG
지력,NNG
.재태크,NNG
낙엽,NNG
어이없이,MAG
보호소,NNG
디니고,NNG
신경쇠약,NNP
애국자,NNG
명령조,NNG
초중고,NNG
기거,NNG
공장장,NNG
홀어머니,NNG
무력증,NNG
난치병,NNG
핏대,NNG
즉석,NNG
일탈,NNG
기술력,NNG
틈새,NNG
방랑벽,NNG
시험장,NNG
개차반,NNG
지지도,NNG
범절,NNG
재태크,NNG
일축,NNG
어찌어찌,MAG
변두리,NNG
삼십오,NR
현업,NNG
약과,NNG
불수,NNG
바깥양반,NNG
지치,NNG
스위트 홈,NNP
하다못해,MAG
구만리,NNG
만천하,NNG
난생처음,NNP
저승,NNG
여비,NNG
저승사자,NNG
풀기,NNG
바깥일,NNG
꼼짝달싹,MAG
언덕,NNG
폐물,NNG
윷놀이,NNG
무남독녀,NNG
몸부림,NNG
암튼,MAG
허탈감,NNG
안팎,NNG
분식집,NNG
서민,NNG
다반사,NNG
썰물,NNG
내림,NNG
양배추,NNG
매실,NNG
달밤,NNG
선반,NNG
휘청,MAG
보름,NNG
성직자,NNG
개똥,NNG
화젯거리,NNG
중국집,NNG
웃음소리,NNG
암호,NNG
외판원,NNG
장밋빛,NNG
푸른색,NNG
우중충,MAG
잿빛,NNG
검은색,NNG
손안,NNG
개중,NNG
시조,NNG
수전증,NNG
붕어빵,NNG
풍이,NNP
쇼핑센터,NNG
조물조물,MAG
공직,NNG
여편네,NNG
물증,NNG
.노견,NNG
날로,MAG
보물,NNG
누설,NNG
일심동체,NNG
명색,NNG
조물주,NNG
섬뜩,MAG
가벼이,MAG
외출복,NNG
더불어,MAG
자치,NNG
패자,NNG
윤회,NNG
식생활,NNG
그중,NNG
띠,NNG
꼬리표,NNG
시책,NNG
안네,NNP
방석,NNG
상공인,NNG
갈림길,NNG
생업,NNG
가분수,NNG
필드,NNG
칠십오,NR
바로바로,MAG
팥,NNG
메주,NNG
루테,NNG
오한,NNG
독하게,NNP
존경심,NNG
자아,NNG
안타까움,NNG
건너,NNG
둥지,NNG
쓰임새,NNG
쟁점,NNG
침묵,NNG
여행길,NNG
역경,NNG
되새김,NNG
어슬렁,MAG
어지간히,MAG
자학,NNG
씨앗,NNG
독백,NNG
교만,NNG
이기주,NNP
제일주의,NNG
좌우,NNG
쾌감,NNG
절벽,NNG
창조,NNG
자기만족,NNG
돌출,NNG
역발상,NNG
헌신짝,NNG
장애자,NNG
현대,NNG
막일,NNG
만능,NNG
자의,NNG
.첨,NNG
외딴집,NNG
퇴장,NNG
선두,NNG
맏며느리,NNG
빙빙,MAG
옛적,NNG
해변가,NNG
한낱,MAG
계시,NNG
후견인,NNG
바늘구멍,NNG
끝았어,NNG
닥종이,NNG
아이티,NNP
유족,NNG
다리미질,NNP
상권,NNG
셔츠,NNG
실밥,NNG
부엌,NNG
임자,NNG
명분,NNG
민이,NNP
말목,NNG
원성,NNG
계산원,NNP
별달리,MAG
서초,NNP
치매라,NNG
전가,NNG
.모아,NNG
풍비박산,NNG
반찬거리,NNG
적막강산,NNG
큰언니,NNG
하우,NNG
이혼녀,NNG
주일날,NNG
잉여인간,NNP
남정,NNG
볼멘소리,NNG
피붙이,NNG
새살림,NNG
상고,NNG
여장부,NNG
취미로,NNP
친모,NNG
욕망,NNG
나한,NNG
리서치,NNG
골병,NNG
식순,NNG
노점,NNG
본처,NNG
박약,NNG
일남삼녀을,NNG
웬수,NNG
납치,NNG
감금,NNG
무직,NNG
야동,NNG
근근히,MAG
면전,NNG
이승,NNG
베,NNG
연장자,NNG
션,NNP
일말,NNG
감행,NNG
바람기,NNG
해운,NNG
경리,NNG
직업소개소,NNG
손사래,NNG
총대,NNG
쫒겨,NNG
훌적,NNG
셋방,NNG
공무원직,NNG
증여,NNG
감방,NNG
모래알,NNG
색안경,NNG
무기력증,NNG
한식집,NNG
하지,NNP
풍,NNG
미각,NNG
락스,NNP
받야야,NNG
계통,NNG
정통,NNG
위쪽,NNG
수납장,NNG
모국어,NNG
엑스트라,NNG
면밀히,MAG
수모,NNG
탤런트,NNG
감정이입,NNP
상급자,NNG
의전,NNG
행복지수,NNP
내림세,NNG
내리막,NNG
유예,NNG
애로,NNG
발설,NNG
폼,NNG
야인,NNP
숙부,NNG
웃어른,NNG
세차장,NNG
병증,NNG
창단,NNG
테니스장,NNG
합동,NNG
전처,NNG
빈도수,NNG
해외지사,NNP
하류,NNG
중요도,NNG
전시회장,NNG
농사일,NNG
성취욕,NNG
명예욕,NNG
까막눈,NNG
색칠,NNG
피신,NNG
사회복지관,NNP
한복,NNG
양손,NNG
미혼모,NNG
절름발이,NNG
오른손,NNG
.팔,NNG
아이큐,NNG
기면증,NNG
정진,NNG
손은,NNP
삼십팔,NR
얼마간,NNG
이혼하재,NNP
인스타,NNP
공기놀이,NNG
제품명,NNG
과잉보호,NNG
칠십이,NR
인생관,NNG
뒤죽박죽,NNG
새아빠,NNP
사천만,NR
마귀,NNG
정맥,NNG
무위,NNG
지침서,NNG
피부병,NNG
얼간이,NNG
중기,NNG
고액,NNG
내수,NNG
항공사,NNG
직업병,NNG
한물,NNG
일대일,NNG
폐소,NNG
민,NNG
루게릭 병,NNP
기업인,NNG
육상,NNG
그늘,NNG
장벽,NNG
번쩍,MAG
훅,MAG
강습,NNG
분열,NNG
편집증,NNG
차상위,NNG
.서류,NNG
등골,NNG
무미건조,NNG
낯짝,NNG
지현이,NNP
.타,NNG
배구,NNG
자서전,NNG
산수,NNG
혈액암,NNG
단팥빵,NNP
취직자리,NNG
방송통신대학,NNP
잣,NNG
여군,NNG
부사관,NNG
속닥속닥해,NNG
속닥속닥,NNG
.스케줄러,NNG
.예,NNG
발바닥,NNG
사마귀,NNG
저리로,MAG
꽁꽁,MAG
에이디,NNG
에이치디,NNG
주마등,NNG
체벌,NNG
하야,NNG
.소외,NNG
주의력,NNG
조현병,NNP
외국어고등학교,NNP
작별,NNG
양비,NNG
수민이,NNG
민정이,NNP
엘리트,NNG
새아빠께,NNG
안약,NNP
개발원,NNG
포장마차,NNG
.사과,NNG
직업군,NNG
성취도,NNG
이행,NNG
픽업,NNG
장식,NNG
도배,NNG
기흉,NNP
경진,NNG
목격자,NNG
비단,MAG
망상,NNG
.효,NNG
열쇠,NNG
지도자,NNG
.겹벌,NNG
의문점,NNG
공주병,NNG
학습지,NNG
호,NNG
저하증,NNG
.새,NNG
제값,NNG
자폐증,NNG
.이직,NNG
글귀,NNG
투영,NNG
소란,NNG
화뿐,NNG
무능해,NNP
.과도,NNG
무시로,MAG
장교,NNG
낙관,NNG
캘리그라피,NNG
중국어,NNP
결단력,NNG
안구,NNG
건조증,NNG
체험장,NNG
회복력,NNG
보릿고개,NNG
버니,NNP
플로리스트,NNG
경계선 인격 장애,NNP
작자,NNG
지식수준,NNG
운동선수,NNG
질풍노도,NNG
어디쯤,NNG
삼각관계,NNG
연극영화과,NNG
의경,NNG
학점은행제,NNP
공사판,NNG
가정교육,NNG
배낭여행,NNG
귀머거리,NNG
뇌전증,NNG
교육원,NNG
그네,NNG
신경증,NNG
사육,NNG
갇혀,NNG
이실직고,NNG
아침상,NNG
맏,XPN
국제선,NNG
쟁쟁,MAG
다이어리,NNG
스케치,NNG
제로,NNG
감지덕지,MAG
페이스북,NNP
디자인과,NNG
년,NNG
교육열,NNG
꼭두각시,NNG
글공부,NNG
사격,NNG
망연자실,NNG
후임병,NNG
발기,NNG
부전,NNG
정석,NNG
시음,NNG
맹인,NNG
포괄,NNG
라이터,NNG
.다투,NNG
엉터리,NNG
공시,NNG
작곡가,NNG
정상인,NNG
극성,NNG
약수,NNG
승리자,NNG
종사,NNG
스타트업,NNG
.피부치료,NNG
처형,NNG
회갑연,NNG
준오,NNP
자급자족,NNG
햇병아리,NNG
평발,NNG
쿠션,NNG
포켓,NNG
해상도,NNG
블루투스,NNP
헤드폰,NNG
축구팀,NNG
거식증,NNG
쌍꺼풀,NNG
생활력,NNG
가증,NNG
환청,NNG
정보업체,NNG
바디,NNG
생물학과,NNG
어버버,NNP
사회봉사,NNG
인공수정,NNP
논문,NNG
찡,MAG
효은,NNP
지연이,NNP
아이엠에프,NNP
귀로,NNG
.미스터트,NNG
사뭇,MAG
넷북,NNP
가드,NNG
편지지,NNG
악플,NNG
탄원서,NNG
적자생존,NNG
만물,NNG
숙명,NNG
대열,NNG
학군,NNG
양면,NNG
바삐,MAG
성큼,MAG
패치,NNG
중위,NNG
무정자증,NNP
무궁무진,NNG
침해,NNG
게으름뱅이,NNG
큐알,NNG
키토제닉,NNG
.욱,NNG
이수근,NNP
소재,NNG
커리어우먼,NNG
계급,NNG
사회복무요원,NNP
피난,NNG
해설가,NNG
폐기물,NNG
과대망상,NNG
내려놓음,NNP
꺼리,NNG
기타리스트,NNG
혈혈단신,NNG
상경,NNG
고질,NNG
폭음,NNG
안경원,NNP
.여생,NNG
총체,NNG
난국,NNG
기대치,NNG
사오십,NR
만화가,NNG
여대,NNG
매운,NNG
조근조근,MAG
밀착,NNG
족쇄,NNG
과열,NNG
사랑한다면,NNP
.주례사,NNG
협력사,NNG
의족,NNG
교탁,NNG
경주마,NNP
이완,NNG
느껴,NNG
참여자,NNG
먹거리,NNG
.야,NNG
분열증,NNG
허브,NNG
피해망상,NNG
결렬,NNG
감염증,NNG
게네,NNG
직군,NNG
능력껏,MAG
된장국,NNG
.외출,NNG
눈칫,NNG
꼭꼭,MAG
주의력결핍 과다행동장애,NNP
약도,NNG
관제,NNG
이차,NNG
성징,NNG
의붓아버지,NNG
상충,NNG
착란,NNG
자폐아,NNG
폐지라,NNG
대학가,NNG
.구,NNG
의수,NNG
.타지,NNG
시사회,NNG
삭발,NNG
발레리나,NNG
발레,NNG
.장녀,NNG
사진작가,NNG
갖가지,NNG
실낱,NNG
포진,NNG
끼기,NNG
영양분,NNG
수의대,NNG
수세미,NNG
신체검사,NNG
.보조기,NNG
득,NNG
풀타임,NNG
턱관절,NNG
.외래,NNG
둘레길,NNP
파투,NNG
타이머,NNG
조화,NNG
엄지발가락,NNG
윈윈,NNG
상민이,NNP
애니메이션,NNG
성우,NNG
농협,NNP
맨정신,NNP
진주,NNG
설암,NNP
지지대,NNG
법규,NNG
덤벙거리,NNG
허송세월,NNG
.귀,NNG
멘토링,NNG
비밀번호,NNG
프라이버시,NNG
반도체,NNG
대가족,NNP
국문학,NNG
삼각김밥,NNP
성병,NNG
그리워,NNP
은지,NNP
흥밋거리,NNG
곡해,NNG
거야,NNG
괴롭워,NNG
후반전,NNG
학력자,NNG
.고졸,NNG
과민성 대장 증후군,NNP
낙제,NNG
한국장애인고용공단,NNP
메뉴얼,NNG
암기력,NNG
슛,NNG
등신,NNG
꼬맹이,NNG
벼룩시장,NNG
은경이,NNP
철우,NNP
재봉틀,NNG
지쳐,NNG
난독증,NNP
에스트로겐,NNG
일과표,NNG
탈취제,NNG
시궁창,NNG
틱톡,NNP
연민,NNG
.나,NNG
불감증,NNG
콧대,NNG
덩이,NNG
배내똥,NNG
고물상,NNG
뒷발,NNG
보조기,NNG
.노후,NNG
방침,NNG
여야,NNG
덤덤히,MAG
망나니,NNG
검지,NNG
비정규직,NNP
곱절,NNG
하곘어,NNG
후회되네,NNG
전문대학,NNG
기면,NNG
펌이,NNG
잠금,NNG
주치,NNP
가정학,NNG
도수,NNG
방세,NNG
부귀영화,NNG
병신,NNG
등짝,NNG
직진,NNG
점자,NNG
청과물,NNG
외양간,NNG
송아지,NNG
개밥,NNG
캐럴,NNG
신청서,NNG
.월차,NNG
워,NNG
영업일,NNG
제제,NNG
연골무형성증,NNP
굴욕,NNG
불혹,NNG
왼손,NNG
피씨방,NNG
알바나,NNG
본업,NNG
하등,NNG
창살,NNG
우등,NNG
방직,NNG
곁눈,NNG
원예,NNG
아침저녁,NNG
완치자,NNG
캠핑카로,NNP
죄수,NNG
상반,NNG
낭인,NNG
기회비용,NNG
실생활,NNG
보습제,NNG
.죄,NNG
증거물,NNG
자녀가,NNG
.퇴직,NNG
방임,NNG
학대와,NNG
.고독,NNG
인덕,NNG
경제난,NNG
전제,NNG
참관수업,NNP
명심,NNG
소득원,NNG
여배우,NNG
야금야금,MAG
